id,game,name,lane,slot,type,rarity,tier,cost,phrase,description,flavor,keywords,scale_by,damage,damage_multiplier,damage_type,stat_contribution,block,card_draw,self_damage,status_effects_applied,summon,feed_key,mechanics,modifier_kind,raw_json
wv2-i-frankly,Witch Mountain Bridge,"Frankly,",wit,intro,word,basic,1,0,"Frankly,",+1 wit,The dictionary definition of confidence preceded by a comma.,cutting,,,,,1,,,,,,,,,"{""id"":""wv2-i-frankly"",""slot"":""intro"",""tier"":1,""rarity"":""basic"",""lane"":""wit"",""cost"":0,""type"":""word"",""phrase"":""Frankly,"",""tags"":[""cutting""],""stats"":{""wit"":1},""setId"":""slowburn-4"",""setSlot"":""intro"",""schoolId"":""slowburn"",""flavor"":""The dictionary definition of confidence preceded by a comma.""}"
wv2-i-actually,Witch Mountain Bridge,"Actually,",wit,intro,word,basic,1,0,"Actually,",+1 wit. Draw 1,"You haven't even said anything yet, but here we are.",academic|cutting,,,,,1,,1,,,,,,,"{""id"":""wv2-i-actually"",""slot"":""intro"",""tier"":1,""rarity"":""basic"",""lane"":""wit"",""cost"":0,""type"":""word"",""phrase"":""Actually,"",""tags"":[""academic"",""cutting""],""stats"":{""wit"":1},""effects"":{""draw"":1},""setId"":""crescendo-4"",""setSlot"":""intro"",""schoolId"":""crescendo"",""flavor"":""You haven't even said anything yet, but here we are.""}"
wv2-i-honestly,Witch Mountain Bridge,"Honestly,",wit,intro,word,basic,1,0,"Honestly,",+1 wit. Block 2,Honesty has never been the issue.,observational|cutting,,,,,1,2,,,,,,,,"{""id"":""wv2-i-honestly"",""slot"":""intro"",""tier"":1,""rarity"":""basic"",""lane"":""wit"",""cost"":0,""type"":""word"",""phrase"":""Honestly,"",""tags"":[""observational"",""cutting""],""stats"":{""wit"":1},""effects"":{""block"":2},""setId"":""crescendo-5"",""setSlot"":""intro"",""schoolId"":""crescendo"",""flavor"":""Honesty has never been the issue.""}"
wv2-i-truly,Witch Mountain Bridge,"Truly,",wit,intro,word,basic,1,0,"Truly,",+1 wit,Said with the gravity of someone who knows they've said it before.,observational|cutting,,,,,1,,,,,,,,,"{""id"":""wv2-i-truly"",""schoolId"":""thorns"",""slot"":""intro"",""tier"":1,""rarity"":""basic"",""lane"":""wit"",""cost"":0,""type"":""word"",""phrase"":""Truly,"",""tags"":[""observational"",""cutting""],""stats"":{""wit"":1},""flavor"":""Said with the gravity of someone who knows they've said it before.""}"
wv2-i-curiously,Witch Mountain Bridge,"Curiously,",wit,intro,word,basic,1,0,"Curiously,",+1 wit,"Curiosity is, of course, the polite name for it.",observational,,,,,1,,,,,,,,,"{""id"":""wv2-i-curiously"",""slot"":""intro"",""tier"":1,""rarity"":""basic"",""lane"":""wit"",""cost"":0,""type"":""word"",""phrase"":""Curiously,"",""tags"":[""observational""],""stats"":{""wit"":1},""setId"":""thorns-5"",""setSlot"":""intro"",""schoolId"":""thorns"",""flavor"":""Curiosity is, of course, the polite name for it.""}"
wv2-i-strikes-me,Witch Mountain Bridge,It strikes me that,wit,intro,word,common,1,0,It strikes me that,+1 wit,The strike is yours. The me is not.,observational|cutting,,,,,1,,,,,,,,,"{""id"":""wv2-i-strikes-me"",""schoolId"":""thorns"",""slot"":""intro"",""tier"":1,""rarity"":""common"",""lane"":""wit"",""cost"":0,""type"":""word"",""phrase"":""It strikes me that"",""tags"":[""observational"",""cutting""],""stats"":{""wit"":1},""flavor"":""The strike is yours. The me is not.""}"
wv2-i-i-should-think,Witch Mountain Bridge,I should think that,wit,intro,word,common,1,0,I should think that,+1 wit,Should-think being a softer cousin of must-acknowledge.,academic|cutting,,,,,1,,,,,,,,,"{""id"":""wv2-i-i-should-think"",""slot"":""intro"",""tier"":1,""rarity"":""common"",""lane"":""wit"",""cost"":0,""type"":""word"",""phrase"":""I should think that"",""tags"":[""academic"",""cutting""],""stats"":{""wit"":1},""setId"":""crescendo-3"",""setSlot"":""intro"",""schoolId"":""crescendo"",""flavor"":""Should-think being a softer cousin of must-acknowledge.""}"
wv2-i-pardon-saying,Witch Mountain Bridge,"Pardon my saying,",wit,intro,word,common,1,0,"Pardon my saying,",+1 wit,You will not pardon it. That is rather the point.,academic|observational,,,,,1,,,,,,,,,"{""id"":""wv2-i-pardon-saying"",""slot"":""intro"",""tier"":1,""rarity"":""common"",""lane"":""wit"",""cost"":0,""type"":""word"",""phrase"":""Pardon my saying,"",""tags"":[""academic"",""observational""],""stats"":{""wit"":1},""setId"":""thorns-2"",""setSlot"":""intro"",""schoolId"":""thorns"",""flavor"":""You will not pardon it. That is rather the point.""}"
wv2-i-strictly-speaking,Witch Mountain Bridge,"Strictly speaking,",wit,intro,word,common,1,2,"Strictly speaking,",+1 wit. Apply weak:1,"Strictness is, today, a virtue worth performing.",academic|cutting,,,,,1,,,,weak:1,,,,,"{""id"":""wv2-i-strictly-speaking"",""slot"":""intro"",""tier"":1,""rarity"":""common"",""lane"":""wit"",""cost"":2,""type"":""word"",""phrase"":""Strictly speaking,"",""tags"":[""academic"",""cutting""],""stats"":{""wit"":1},""effects"":{""weak"":1},""setId"":""crescendo-2"",""setSlot"":""intro"",""schoolId"":""crescendo"",""flavor"":""Strictness is, today, a virtue worth performing.""}"
wv2-i-memory-serves,Witch Mountain Bridge,"If memory serves,",wit,intro,word,common,1,0,"If memory serves,",+1 wit,Memory is serving. The food is leftovers.,academic|observational,,,,,1,,,,,,,,,"{""id"":""wv2-i-memory-serves"",""slot"":""intro"",""tier"":1,""rarity"":""common"",""lane"":""wit"",""cost"":0,""type"":""word"",""phrase"":""If memory serves,"",""tags"":[""academic"",""observational""],""stats"":{""wit"":1},""setId"":""slowburn-8"",""setSlot"":""intro"",""schoolId"":""slowburn"",""flavor"":""Memory is serving. The food is leftovers.""}"
wv2-i-by-any-measure,Witch Mountain Bridge,"By any measure,",wit,intro,word,common,1,0,"By any measure,",+1 wit,"Most measures, anyway. Certainly the kind one.",academic|cutting,,,,,1,,,,,,,,,"{""id"":""wv2-i-by-any-measure"",""schoolId"":""thorns"",""slot"":""intro"",""tier"":1,""rarity"":""common"",""lane"":""wit"",""cost"":0,""type"":""word"",""phrase"":""By any measure,"",""tags"":[""academic"",""cutting""],""stats"":{""wit"":1},""flavor"":""Most measures, anyway. Certainly the kind one.""}"
wv2-i-speaking-plainly,Witch Mountain Bridge,"Speaking plainly,",wit,intro,word,common,1,2,"Speaking plainly,",+1 wit. Apply vulnerable:1,Plainness is the most decorated of the rhetorical arts.,cutting|observational,,,,,1,,,,vulnerable:1,,,,,"{""id"":""wv2-i-speaking-plainly"",""slot"":""intro"",""tier"":1,""rarity"":""common"",""lane"":""wit"",""cost"":2,""type"":""word"",""phrase"":""Speaking plainly,"",""tags"":[""cutting"",""observational""],""stats"":{""wit"":1},""effects"":{""vulnerable"":1},""setId"":""slowburn-5"",""setSlot"":""intro"",""schoolId"":""slowburn"",""flavor"":""Plainness is the most decorated of the rhetorical arts.""}"
wv2-i-or-rather,Witch Mountain Bridge,"Or rather,",wit,intro,word,common,1,0,"Or rather,",+1 wit. Draw 1,The revision is the point. The original was scaffolding.,observational,,,,,1,,1,,,,,,,"{""id"":""wv2-i-or-rather"",""slot"":""intro"",""tier"":1,""rarity"":""common"",""lane"":""wit"",""cost"":0,""type"":""word"",""phrase"":""Or rather,"",""tags"":[""observational""],""stats"":{""wit"":1},""effects"":{""draw"":1},""setId"":""thorns-3"",""setSlot"":""intro"",""schoolId"":""thorns"",""flavor"":""The revision is the point. The original was scaffolding.""}"
wv2-i-it-would-appear,Witch Mountain Bridge,It would appear that,wit,intro,word,common,1,0,It would appear that,+1 wit,"Appearances, in matters like this, are the entire substance.",observational|cutting,,,,,1,,,,,,,,,"{""id"":""wv2-i-it-would-appear"",""schoolId"":""thorns"",""slot"":""intro"",""tier"":1,""rarity"":""common"",""lane"":""wit"",""cost"":0,""type"":""word"",""phrase"":""It would appear that"",""tags"":[""observational"",""cutting""],""stats"":{""wit"":1},""flavor"":""Appearances, in matters like this, are the entire substance.""}"
wv2-i-being-honest,Witch Mountain Bridge,"If we're being honest,",wit,intro,word,common,1,0,"If we're being honest,",+1 wit. Draw 1. Lose 1 HP,The we is presumptuous. It always is.,cutting,,,,,1,,1,1,,,,,,"{""id"":""wv2-i-being-honest"",""schoolId"":""crescendo"",""slot"":""intro"",""tier"":1,""rarity"":""common"",""lane"":""wit"",""cost"":0,""type"":""word"",""phrase"":""If we're being honest,"",""tags"":[""cutting""],""stats"":{""wit"":1},""effects"":{""draw"":1,""loseHp"":1},""flavor"":""The we is presumptuous. It always is.""}"
wv2-i-one-could-argue,Witch Mountain Bridge,One could argue that,wit,intro,word,common,1,0,One could argue that,+1 wit,One could. One won't have to.,academic|observational,,,,,1,,,,,,,,,"{""id"":""wv2-i-one-could-argue"",""schoolId"":""crescendo"",""slot"":""intro"",""tier"":1,""rarity"":""common"",""lane"":""wit"",""cost"":0,""type"":""word"",""phrase"":""One could argue that"",""tags"":[""academic"",""observational""],""stats"":{""wit"":1},""flavor"":""One could. One won't have to.""}"
wv2-i-let-the-record,Witch Mountain Bridge,Let the record show that,wit,intro,word,common,1,0,Let the record show that,+1 wit,There is no record. The phrasing is the record.,academic,,,,,1,,,,,,,,,"{""id"":""wv2-i-let-the-record"",""schoolId"":""crescendo"",""slot"":""intro"",""tier"":1,""rarity"":""common"",""lane"":""wit"",""cost"":0,""type"":""word"",""phrase"":""Let the record show that"",""tags"":[""academic""],""stats"":{""wit"":1},""flavor"":""There is no record. The phrasing is the record.""}"
wv2-i-as-i-was-saying,Witch Mountain Bridge,"as I was saying,",wit,intro,word,common,1,0,"as I was saying,",+1 wit,"The thread, after all, was never broken — only set aside briefly.",academic,,,,,1,,,,,,,,,"{""id"":""wv2-i-as-i-was-saying"",""schoolId"":""crescendo"",""slot"":""intro"",""tier"":1,""rarity"":""common"",""lane"":""wit"",""cost"":0,""type"":""word"",""phrase"":""as I was saying,"",""tags"":[""academic""],""stats"":{""wit"":1},""flavor"":""The thread, after all, was never broken — only set aside briefly.""}"
wv2-i-permit-me-observe,Witch Mountain Bridge,Permit me to observe that,wit,intro,word,uncommon,2,1,Permit me to observe that,+2 wit,"Observation, in this dialect, is a verb that lands.",academic|observational,,,,,2,,,,,,,,,"{""id"":""wv2-i-permit-me-observe"",""slot"":""intro"",""tier"":2,""rarity"":""uncommon"",""lane"":""wit"",""cost"":1,""type"":""word"",""phrase"":""Permit me to observe that"",""tags"":[""academic"",""observational""],""stats"":{""wit"":2},""setId"":""slowburn-2"",""setSlot"":""intro"",""schoolId"":""slowburn"",""flavor"":""Observation, in this dialect, is a verb that lands.""}"
wv2-i-charitable,Witch Mountain Bridge,"Were I being charitable,",wit,intro,word,uncommon,2,1,"Were I being charitable,",+2 wit,Charity is a discipline. You may not be ready for it.,observational|cutting,,,,,2,,,,,,,,,"{""id"":""wv2-i-charitable"",""schoolId"":""thorns"",""slot"":""intro"",""tier"":2,""rarity"":""uncommon"",""lane"":""wit"",""cost"":1,""type"":""word"",""phrase"":""Were I being charitable,"",""tags"":[""observational"",""cutting""],""stats"":{""wit"":2},""flavor"":""Charity is a discipline. You may not be ready for it.""}"
wv2-i-setting-aside,Witch Mountain Bridge,"Setting aside the obvious,",wit,intro,word,uncommon,2,1,"Setting aside the obvious,",+2 wit,The obvious is a heavy thing. You leave it on the table for now.,academic|cutting,,,,,2,,,,,,,,,"{""id"":""wv2-i-setting-aside"",""slot"":""intro"",""tier"":2,""rarity"":""uncommon"",""lane"":""wit"",""cost"":1,""type"":""word"",""phrase"":""Setting aside the obvious,"",""tags"":[""academic"",""cutting""],""stats"":{""wit"":2},""setId"":""thorns-6"",""setSlot"":""intro"",""schoolId"":""thorns"",""flavor"":""The obvious is a heavy thing. You leave it on the table for now.""}"
wv2-i-if-records-trusted,Witch Mountain Bridge,"If the records can be trusted,",wit,intro,word,uncommon,2,1,"If the records can be trusted,",+2 wit,"They can. That is, in fact, the worst part.",academic|observational,,,,,2,,,,,,,,,"{""id"":""wv2-i-if-records-trusted"",""schoolId"":""crescendo"",""slot"":""intro"",""tier"":2,""rarity"":""uncommon"",""lane"":""wit"",""cost"":1,""type"":""word"",""phrase"":""If the records can be trusted,"",""tags"":[""academic"",""observational""],""stats"":{""wit"":2},""flavor"":""They can. That is, in fact, the worst part.""}"
wv2-i-put-generously,Witch Mountain Bridge,"To put it generously,",wit,intro,word,uncommon,2,1,"To put it generously,",+2 wit,"Generosity, here, is an act of restraint. Witnessed.",observational|cutting,,,,,2,,,,,,,,,"{""id"":""wv2-i-put-generously"",""schoolId"":""thorns"",""slot"":""intro"",""tier"":2,""rarity"":""uncommon"",""lane"":""wit"",""cost"":1,""type"":""word"",""phrase"":""To put it generously,"",""tags"":[""observational"",""cutting""],""stats"":{""wit"":2},""flavor"":""Generosity, here, is an act of restraint. Witnessed.""}"
wv2-i-purely-analytical,Witch Mountain Bridge,"From a purely analytical perspective,",wit,intro,word,uncommon,2,1,"From a purely analytical perspective,",+2 wit,The analysis is purely a courtesy. The conclusion arrived earlier.,academic|observational,,,,,2,,,,,,,,,"{""id"":""wv2-i-purely-analytical"",""schoolId"":""crescendo"",""slot"":""intro"",""tier"":2,""rarity"":""uncommon"",""lane"":""wit"",""cost"":1,""type"":""word"",""phrase"":""From a purely analytical perspective,"",""tags"":[""academic"",""observational""],""stats"":{""wit"":2},""flavor"":""The analysis is purely a courtesy. The conclusion arrived earlier.""}"
wv2-i-reasonable-observer,Witch Mountain Bridge,"By the standards of any reasonable observer,",wit,intro,word,rare,3,1,"By the standards of any reasonable observer,",+3 wit,"Reasonable observers are a small population. You are, suddenly, one.",academic|cutting,,,,,3,,,,,,,,,"{""id"":""wv2-i-reasonable-observer"",""schoolId"":""thorns"",""slot"":""intro"",""tier"":3,""rarity"":""rare"",""lane"":""wit"",""cost"":1,""type"":""word"",""phrase"":""By the standards of any reasonable observer,"",""tags"":[""academic"",""cutting""],""stats"":{""wit"":3},""flavor"":""Reasonable observers are a small population. You are, suddenly, one.""}"
wv2-i-full-possession,Witch Mountain Bridge,"And I say this with full possession of the facts,",wit,intro,word,rare,3,1,"And I say this with full possession of the facts,",+3 wit,The facts have been alphabetized. Indexed. Cross-referenced. Their footnotes have footnotes.,academic|cutting,,,,,3,,,,,,,,,"{""id"":""wv2-i-full-possession"",""schoolId"":""thorns"",""slot"":""intro"",""tier"":3,""rarity"":""rare"",""lane"":""wit"",""cost"":1,""type"":""word"",""phrase"":""And I say this with full possession of the facts,"",""tags"":[""academic"",""cutting""],""stats"":{""wit"":3},""flavor"":""The facts have been alphabetized. Indexed. Cross-referenced. Their footnotes have footnotes.""}"
wv2-i-fabric-merchant,Witch Mountain Bridge,"Over time,",wit,intro,word,uncommon,2,1,"Over time,",+2 wit,"The fabric merchant has, in fact, been waiting for the conclusion of that thought.",observational|academic,,,,,2,,,,,,,,,"{""id"":""wv2-i-fabric-merchant"",""slot"":""intro"",""tier"":2,""rarity"":""uncommon"",""lane"":""wit"",""cost"":1,""type"":""word"",""phrase"":""Over time,"",""tags"":[""observational"",""academic""],""stats"":{""wit"":2},""setId"":""slowburn-1"",""setSlot"":""intro"",""schoolId"":""slowburn"",""flavor"":""The fabric merchant has, in fact, been waiting for the conclusion of that thought.""}"
wv2-i-specifically-speaking,Witch Mountain Bridge,"Specifically speaking,",wit,intro,word,uncommon,2,1,"Specifically speaking,",+2 wit,"Specificity, here, is a politeness. The general case is worse.",academic|cutting,,,,,2,,,,,,,,,"{""id"":""wv2-i-specifically-speaking"",""slot"":""intro"",""tier"":2,""rarity"":""uncommon"",""lane"":""wit"",""cost"":1,""type"":""word"",""phrase"":""Specifically speaking,"",""tags"":[""academic"",""cutting""],""stats"":{""wit"":2},""setId"":""thorns-1"",""setSlot"":""intro"",""schoolId"":""thorns"",""flavor"":""Specificity, here, is a politeness. The general case is worse.""}"
wv2-i-civically-speaking,Witch Mountain Bridge,"When you add it up,",wit,intro,word,uncommon,2,1,"When you add it up,",+2 wit,"Civic, here, being the only frame that contains the offence.",academic|observational,,,,,2,,,,,,,,,"{""id"":""wv2-i-civically-speaking"",""slot"":""intro"",""tier"":2,""rarity"":""uncommon"",""lane"":""wit"",""cost"":1,""type"":""word"",""phrase"":""When you add it up,"",""tags"":[""academic"",""observational""],""stats"":{""wit"":2},""setId"":""crescendo-1"",""setSlot"":""intro"",""schoolId"":""crescendo"",""flavor"":""Civic, here, being the only frame that contains the offence.""}"
wv2-s-your-reasoning,Witch Mountain Bridge,your reasoning,wit,subject,word,basic,1,1,your reasoning,+1 wit,"Reasoning, in this case, having done its part by trying.",academic|observational,,,,,1,,,,,,,,,"{""id"":""wv2-s-your-reasoning"",""schoolId"":""crescendo"",""slot"":""subject"",""tier"":1,""rarity"":""basic"",""lane"":""wit"",""cost"":1,""type"":""word"",""phrase"":""your reasoning"",""tags"":[""academic"",""observational""],""stats"":{""wit"":1},""flavor"":""Reasoning, in this case, having done its part by trying.""}"
wv2-s-this-argument,Witch Mountain Bridge,this argument,wit,subject,word,basic,1,1,this argument,+1 wit,"The argument, taken on its own terms, having arrived too sure of itself.",academic|observational,,,,,1,,,,,,,,,"{""id"":""wv2-s-this-argument"",""schoolId"":""crescendo"",""slot"":""subject"",""tier"":1,""rarity"":""basic"",""lane"":""wit"",""cost"":1,""type"":""word"",""phrase"":""this argument"",""tags"":[""academic"",""observational""],""stats"":{""wit"":1},""flavor"":""The argument, taken on its own terms, having arrived too sure of itself.""}"
wv2-s-your-conclusion,Witch Mountain Bridge,your conclusion,wit,subject,word,basic,1,1,your conclusion,+1 wit,The conclusion is the part that didn't survive the road.,academic|cutting,,,,,1,,,,,,,,,"{""id"":""wv2-s-your-conclusion"",""schoolId"":""thorns"",""slot"":""subject"",""tier"":1,""rarity"":""basic"",""lane"":""wit"",""cost"":1,""type"":""word"",""phrase"":""your conclusion"",""tags"":[""academic"",""cutting""],""stats"":{""wit"":1},""flavor"":""The conclusion is the part that didn't survive the road.""}"
wv2-s-your-sources,Witch Mountain Bridge,your sources,wit,subject,word,basic,1,2,your sources,+1 wit. Apply weak:1,"Where they go is not, strictly, anyone's concern. But they go somewhere.",academic|cutting,,,,,1,,,,weak:1,,,,,"{""id"":""wv2-s-your-sources"",""schoolId"":""slowburn"",""slot"":""subject"",""tier"":1,""rarity"":""basic"",""lane"":""wit"",""cost"":2,""type"":""word"",""phrase"":""your sources"",""tags"":[""academic"",""cutting""],""stats"":{""wit"":1},""effects"":{""weak"":1},""flavor"":""Where they go is not, strictly, anyone's concern. But they go somewhere.""}"
wv2-s-the-matter,Witch Mountain Bridge,the matter at hand,wit,subject,word,basic,1,1,the matter at hand,+1 wit,The matter has been at hand for some time. It is patient.,observational,,,,,1,,,,,,,,,"{""id"":""wv2-s-the-matter"",""schoolId"":""slowburn"",""slot"":""subject"",""tier"":1,""rarity"":""basic"",""lane"":""wit"",""cost"":1,""type"":""word"",""phrase"":""the matter at hand"",""tags"":[""observational""],""stats"":{""wit"":1},""flavor"":""The matter has been at hand for some time. It is patient.""}"
wv2-s-your-dissertation,Witch Mountain Bridge,your dissertation,wit,subject,word,common,1,1,your dissertation,+1 wit,"Bound, defended, and from this distance — undamaged.",academic|cutting,,,,,1,,,,,,,,,"{""id"":""wv2-s-your-dissertation"",""schoolId"":""thorns"",""slot"":""subject"",""tier"":1,""rarity"":""common"",""lane"":""wit"",""cost"":1,""type"":""word"",""phrase"":""your dissertation"",""tags"":[""academic"",""cutting""],""stats"":{""wit"":1},""flavor"":""Bound, defended, and from this distance — undamaged.""}"
wv2-s-this-entire-enterprise,Witch Mountain Bridge,this entire enterprise,wit,subject,word,common,1,1,this entire enterprise,+1 wit,The word entire being asked to do unusual lifting today.,cutting|observational,,,,,1,,,,,,,,,"{""id"":""wv2-s-this-entire-enterprise"",""schoolId"":""thorns"",""slot"":""subject"",""tier"":1,""rarity"":""common"",""lane"":""wit"",""cost"":1,""type"":""word"",""phrase"":""this entire enterprise"",""tags"":[""cutting"",""observational""],""stats"":{""wit"":1},""flavor"":""The word entire being asked to do unusual lifting today.""}"
wv2-s-the-very-premise,Witch Mountain Bridge,the very premise,wit,subject,word,common,1,1,the very premise,+1 wit,Very is the most generous adverb in the philosophical lexicon.,academic|cutting,,,,,1,,,,,,,,,"{""id"":""wv2-s-the-very-premise"",""schoolId"":""thorns"",""slot"":""subject"",""tier"":1,""rarity"":""common"",""lane"":""wit"",""cost"":1,""type"":""word"",""phrase"":""the very premise"",""tags"":[""academic"",""cutting""],""stats"":{""wit"":1},""flavor"":""Very is the most generous adverb in the philosophical lexicon.""}"
wv2-s-your-standards,Witch Mountain Bridge,your standards,wit,subject,word,common,1,1,your standards,+1 wit,"They are, at the very least, your own.",academic|cutting,,,,,1,,,,,,,,,"{""id"":""wv2-s-your-standards"",""schoolId"":""thorns"",""slot"":""subject"",""tier"":1,""rarity"":""common"",""lane"":""wit"",""cost"":1,""type"":""word"",""phrase"":""your standards"",""tags"":[""academic"",""cutting""],""stats"":{""wit"":1},""flavor"":""They are, at the very least, your own.""}"
wv2-s-your-taste,Witch Mountain Bridge,your argument,wit,subject,word,common,1,2,your argument,+1 wit. Apply vulnerable:1,"Taste is a private matter that has, unfortunately, become public.",observational|cutting,,,,,1,,,,vulnerable:1,,,,,"{""id"":""wv2-s-your-taste"",""slot"":""subject"",""tier"":1,""rarity"":""common"",""lane"":""wit"",""cost"":2,""type"":""word"",""phrase"":""your argument"",""tags"":[""observational"",""cutting""],""stats"":{""wit"":1},""effects"":{""vulnerable"":1},""setId"":""slowburn-1"",""setSlot"":""subject"",""schoolId"":""slowburn"",""flavor"":""Taste is a private matter that has, unfortunately, become public.""}"
wv2-s-sheer-academic,Witch Mountain Bridge,the sheer academic of the thing,wit,subject,word,uncommon,2,1,the sheer academic of the thing,+2 wit,"Academic, here, being a verb. Spoken academically.",academic|cutting,,,,,2,,,,,,,tagAmpMult,,"{""id"":""wv2-s-sheer-academic"",""schoolId"":""crescendo"",""slot"":""subject"",""tier"":2,""rarity"":""uncommon"",""lane"":""wit"",""cost"":1,""type"":""word"",""phrase"":""the sheer academic of the thing"",""tags"":[""academic"",""cutting""],""stats"":{""wit"":2},""tagAmpMult"":2,""flavor"":""Academic, here, being a verb. Spoken academically.""}"
wv2-s-your-hidden-defenses,Witch Mountain Bridge,your hidden defenses,wit,subject,word,uncommon,2,1,your hidden defenses,+2 wit,"The defenses, on inspection, were ornamental. Useful to neither party.",observational|cutting,,,,,2,,,,,,,,,"{""id"":""wv2-s-your-hidden-defenses"",""schoolId"":""thorns"",""slot"":""subject"",""tier"":2,""rarity"":""uncommon"",""lane"":""wit"",""cost"":1,""type"":""word"",""phrase"":""your hidden defenses"",""tags"":[""observational"",""cutting""],""stats"":{""wit"":2},""effects"":{""stealBlock"":{""strip"":5,""gain"":3}},""flavor"":""The defenses, on inspection, were ornamental. Useful to neither party.""}"
wv2-s-the-syllabus,Witch Mountain Bridge,the syllabus,wit,subject,word,common,1,1,the syllabus,+1 wit. Draw 1,"A reading list, in the older and more honest sense.",academic|cutting,,,,,1,,1,,,,,,,"{""id"":""wv2-s-the-syllabus"",""schoolId"":""crescendo"",""slot"":""subject"",""tier"":1,""rarity"":""common"",""lane"":""wit"",""cost"":1,""type"":""word"",""phrase"":""the syllabus"",""tags"":[""academic"",""cutting""],""stats"":{""wit"":1},""effects"":{""draw"":1},""flavor"":""A reading list, in the older and more honest sense.""}"
wv2-s-the-bibliography,Witch Mountain Bridge,the bibliography you've assembled,wit,subject,word,common,1,1,the bibliography you've assembled,+1 wit,"Assembled, here, being a polite word for collected and shrugged at.",academic|observational,,,,,1,,,,,,,,,"{""id"":""wv2-s-the-bibliography"",""schoolId"":""crescendo"",""slot"":""subject"",""tier"":1,""rarity"":""common"",""lane"":""wit"",""cost"":1,""type"":""word"",""phrase"":""the bibliography you've assembled"",""tags"":[""academic"",""observational""],""stats"":{""wit"":1},""flavor"":""Assembled, here, being a polite word for collected and shrugged at.""}"
wv2-s-your-central-thesis,Witch Mountain Bridge,your central thesis,wit,subject,word,common,1,1,your central thesis,+1 wit,"Centrality is a function of geometry. Theses, of bone structure.",academic|cutting,,,,,1,,,,,,,,,"{""id"":""wv2-s-your-central-thesis"",""schoolId"":""thorns"",""slot"":""subject"",""tier"":1,""rarity"":""common"",""lane"":""wit"",""cost"":1,""type"":""word"",""phrase"":""your central thesis"",""tags"":[""academic"",""cutting""],""stats"":{""wit"":1},""flavor"":""Centrality is a function of geometry. Theses, of bone structure.""}"
wv2-s-foundation,Witch Mountain Bridge,the very foundation of your argument,wit,subject,word,common,1,1,the very foundation of your argument,+1 wit,"Foundations being load-bearing is, again, a generous reading.",academic,,,,,1,,,,,,,,,"{""id"":""wv2-s-foundation"",""schoolId"":""crescendo"",""slot"":""subject"",""tier"":1,""rarity"":""common"",""lane"":""wit"",""cost"":1,""type"":""word"",""phrase"":""the very foundation of your argument"",""tags"":[""academic""],""stats"":{""wit"":1},""flavor"":""Foundations being load-bearing is, again, a generous reading.""}"
wv2-s-your-methodology,Witch Mountain Bridge,your methodology,wit,subject,word,common,1,1,your methodology,+1 wit,"Method, ology, and the silence between them.",academic,,,,,1,,,,,,,,,"{""id"":""wv2-s-your-methodology"",""schoolId"":""crescendo"",""slot"":""subject"",""tier"":1,""rarity"":""common"",""lane"":""wit"",""cost"":1,""type"":""word"",""phrase"":""your methodology"",""tags"":[""academic""],""stats"":{""wit"":1},""flavor"":""Method, ology, and the silence between them.""}"
wv2-s-so-called-proof,Witch Mountain Bridge,this so-called proof,wit,subject,word,common,1,1,this so-called proof,+1 wit,So-called by the kindest among us. The rest have other words.,academic|observational,,,,,1,,,,,,,,,"{""id"":""wv2-s-so-called-proof"",""schoolId"":""crescendo"",""slot"":""subject"",""tier"":1,""rarity"":""common"",""lane"":""wit"",""cost"":1,""type"":""word"",""phrase"":""this so-called proof"",""tags"":[""academic"",""observational""],""stats"":{""wit"":1},""flavor"":""So-called by the kindest among us. The rest have other words.""}"
wv2-s-conclusions-drawn,Witch Mountain Bridge,the conclusions you've drawn,wit,subject,word,common,1,1,the conclusions you've drawn,+1 wit,"Drawn the way water is — that is, with effort, and not for long.",academic|observational,,,,,1,,,,,,,,,"{""id"":""wv2-s-conclusions-drawn"",""schoolId"":""crescendo"",""slot"":""subject"",""tier"":1,""rarity"":""common"",""lane"":""wit"",""cost"":1,""type"":""word"",""phrase"":""the conclusions you've drawn"",""tags"":[""academic"",""observational""],""stats"":{""wit"":1},""flavor"":""Drawn the way water is — that is, with effort, and not for long.""}"
wv2-s-elaborate-edifice,Witch Mountain Bridge,the elaborate edifice of your reasoning,wit,subject,word,uncommon,2,1,the elaborate edifice of your reasoning,+2 wit,"Elaborate, in architecture, often signals load-bearing fashion.",academic|observational,,,,,2,,,,,,,,,"{""id"":""wv2-s-elaborate-edifice"",""schoolId"":""crescendo"",""slot"":""subject"",""tier"":2,""rarity"":""uncommon"",""lane"":""wit"",""cost"":1,""type"":""word"",""phrase"":""the elaborate edifice of your reasoning"",""tags"":[""academic"",""observational""],""stats"":{""wit"":2},""flavor"":""Elaborate, in architecture, often signals load-bearing fashion.""}"
wv2-s-studied-opacity,Witch Mountain Bridge,the studied opacity of your prose,wit,subject,word,uncommon,2,1,the studied opacity of your prose,+2 wit,"Opacity, when studied, becomes a style. A bad one.",academic|cutting,,,,,2,,,,,,,,,"{""id"":""wv2-s-studied-opacity"",""schoolId"":""thorns"",""slot"":""subject"",""tier"":2,""rarity"":""uncommon"",""lane"":""wit"",""cost"":1,""type"":""word"",""phrase"":""the studied opacity of your prose"",""tags"":[""academic"",""cutting""],""stats"":{""wit"":2},""flavor"":""Opacity, when studied, becomes a style. A bad one.""}"
wv2-s-quietly-imported,Witch Mountain Bridge,every assumption you've quietly imported,wit,subject,word,uncommon,2,1,every assumption you've quietly imported,+2 wit,"Quietness is, on inspection, the most audible thing here.",academic|cutting,,,,,2,,,,,,,,,"{""id"":""wv2-s-quietly-imported"",""schoolId"":""thorns"",""slot"":""subject"",""tier"":2,""rarity"":""uncommon"",""lane"":""wit"",""cost"":1,""type"":""word"",""phrase"":""every assumption you've quietly imported"",""tags"":[""academic"",""cutting""],""stats"":{""wit"":2},""flavor"":""Quietness is, on inspection, the most audible thing here.""}"
wv2-s-passes-for-rigor,Witch Mountain Bridge,what passes for rigor here,wit,subject,word,uncommon,2,1,what passes for rigor here,+2 wit,"Passes, in this context, being a verb of movement, not validation.",academic|cutting,,,,,2,,,,,,,,,"{""id"":""wv2-s-passes-for-rigor"",""schoolId"":""thorns"",""slot"":""subject"",""tier"":2,""rarity"":""uncommon"",""lane"":""wit"",""cost"":1,""type"":""word"",""phrase"":""what passes for rigor here"",""tags"":[""academic"",""cutting""],""stats"":{""wit"":2},""flavor"":""Passes, in this context, being a verb of movement, not validation.""}"
wv2-s-breathtaking-confidence,Witch Mountain Bridge,the breathtaking confidence of your claim,wit,subject,word,uncommon,2,1,the breathtaking confidence of your claim,+2 wit,"Breath is being lost, certainly. The reason is unclear.",observational,,,,,2,,,,,,,,,"{""id"":""wv2-s-breathtaking-confidence"",""schoolId"":""slowburn"",""slot"":""subject"",""tier"":2,""rarity"":""uncommon"",""lane"":""wit"",""cost"":1,""type"":""word"",""phrase"":""the breathtaking confidence of your claim"",""tags"":[""observational""],""stats"":{""wit"":2},""flavor"":""Breath is being lost, certainly. The reason is unclear.""}"
wv2-s-unexamined-certainty,Witch Mountain Bridge,your impressively unexamined certainty,wit,subject,word,uncommon,2,1,your impressively unexamined certainty,+2 wit,Impressively because it has lasted this long. Unexamined for the same reason.,observational|cutting,,,,,2,,,,,,,,,"{""id"":""wv2-s-unexamined-certainty"",""schoolId"":""thorns"",""slot"":""subject"",""tier"":2,""rarity"":""uncommon"",""lane"":""wit"",""cost"":1,""type"":""word"",""phrase"":""your impressively unexamined certainty"",""tags"":[""observational"",""cutting""],""stats"":{""wit"":2},""flavor"":""Impressively because it has lasted this long. Unexamined for the same reason.""}"
wv2-s-slow-architecture,Witch Mountain Bridge,the slow architecture of your self-deception,wit,subject,word,rare,3,1,the slow architecture of your self-deception,+3 wit,Slow because it had time. Architecture because someone clearly drew plans.,academic|cutting|observational,,,,,3,,,,,,,,,"{""id"":""wv2-s-slow-architecture"",""schoolId"":""thorns"",""slot"":""subject"",""tier"":3,""rarity"":""rare"",""lane"":""wit"",""cost"":1,""type"":""word"",""phrase"":""the slow architecture of your self-deception"",""tags"":[""academic"",""cutting"",""observational""],""stats"":{""wit"":3},""flavor"":""Slow because it had time. Architecture because someone clearly drew plans.""}"
wv2-s-not-thought-through,Witch Mountain Bridge,everything you have not thought through carefully,wit,subject,word,rare,3,1,everything you have not thought through carefully,+3 wit,"Everything is a strong word. It is, here, the precisely correct one.",academic|cutting|observational,,,,,3,,,,,,,,,"{""id"":""wv2-s-not-thought-through"",""schoolId"":""thorns"",""slot"":""subject"",""tier"":3,""rarity"":""rare"",""lane"":""wit"",""cost"":1,""type"":""word"",""phrase"":""everything you have not thought through carefully"",""tags"":[""academic"",""cutting"",""observational""],""stats"":{""wit"":3},""flavor"":""Everything is a strong word. It is, here, the precisely correct one.""}"
wv2-s-boucle-starter,Witch Mountain Bridge,your point,wit,subject,word,basic,1,1,your point,+1 wit,"A suggestion that, mercifully, can be revoked.",observational,,,,,1,,,,,,,,,"{""id"":""wv2-s-boucle-starter"",""slot"":""subject"",""tier"":1,""rarity"":""basic"",""lane"":""wit"",""cost"":1,""type"":""word"",""phrase"":""your point"",""tags"":[""observational""],""stats"":{""wit"":1},""setId"":""slowburn-4"",""setSlot"":""subject"",""schoolId"":""slowburn"",""flavor"":""A suggestion that, mercifully, can be revoked.""}"
wv2-s-gentleman-bidet,Witch Mountain Bridge,your next attack,wit,subject,word,uncommon,2,1,your next attack,+3 wit,A small distinction. A defining one.,observational|cutting,,,,,3,,,,,,,,,"{""id"":""wv2-s-gentleman-bidet"",""slot"":""subject"",""tier"":2,""rarity"":""uncommon"",""lane"":""wit"",""cost"":1,""type"":""word"",""phrase"":""your next attack"",""tags"":[""observational"",""cutting""],""stats"":{""wit"":3},""setId"":""thorns-1"",""setSlot"":""subject"",""schoolId"":""thorns"",""flavor"":""A small distinction. A defining one.""}"
wv2-s-turn-signal,Witch Mountain Bridge,every word so far,wit,subject,word,uncommon,2,1,every word so far,+2 wit,"A relationship, evidently, of mutual tolerance.",academic|observational,,,,,2,,,,,,,,,"{""id"":""wv2-s-turn-signal"",""slot"":""subject"",""tier"":2,""rarity"":""uncommon"",""lane"":""wit"",""cost"":1,""type"":""word"",""phrase"":""every word so far"",""tags"":[""academic"",""observational""],""stats"":{""wit"":2},""setId"":""crescendo-1"",""setSlot"":""subject"",""schoolId"":""crescendo"",""flavor"":""A relationship, evidently, of mutual tolerance.""}"
wv2-s-linen-october,Witch Mountain Bridge,your reasoning,wit,subject,word,uncommon,2,1,your reasoning,+2 wit,"October being, in fact, the cardinal sin of fabrics.",observational|cutting,,,,,2,,,,,,,,,"{""id"":""wv2-s-linen-october"",""slot"":""subject"",""tier"":2,""rarity"":""uncommon"",""lane"":""wit"",""cost"":1,""type"":""word"",""phrase"":""your reasoning"",""tags"":[""observational"",""cutting""],""stats"":{""wit"":2},""setId"":""slowburn-2"",""setSlot"":""subject"",""schoolId"":""slowburn"",""flavor"":""October being, in fact, the cardinal sin of fabrics.""}"
wv2-s-your-cuff,Witch Mountain Bridge,your cuff,wit,subject,word,uncommon,2,1,your cuff,+2 wit,"It has a posture. It is, regrettably, the wrong one.",observational|cutting,,,,,2,,,,,,,,,"{""id"":""wv2-s-your-cuff"",""schoolId"":""thorns"",""slot"":""subject"",""tier"":2,""rarity"":""uncommon"",""lane"":""wit"",""cost"":1,""type"":""word"",""phrase"":""your cuff"",""tags"":[""observational"",""cutting""],""stats"":{""wit"":2},""flavor"":""It has a posture. It is, regrettably, the wrong one.""}"
wv2-s-dry-shaving,Witch Mountain Bridge,every blow you throw,wit,subject,word,uncommon,2,1,every blow you throw,+2 wit,"A practice, not a tradition. Tradition requires defenders.",observational|cutting,,,,,2,,,,,,,,,"{""id"":""wv2-s-dry-shaving"",""slot"":""subject"",""tier"":2,""rarity"":""uncommon"",""lane"":""wit"",""cost"":1,""type"":""word"",""phrase"":""every blow you throw"",""tags"":[""observational"",""cutting""],""stats"":{""wit"":2},""setId"":""thorns-2"",""setSlot"":""subject"",""schoolId"":""thorns"",""flavor"":""A practice, not a tradition. Tradition requires defenders.""}"
wv2-s-dental-schedule,Witch Mountain Bridge,your aggression,wit,subject,word,uncommon,2,1,your aggression,+2 wit,"A schedule, technically. A regimen, generously.",academic|observational,,,,,2,,,,,,,,,"{""id"":""wv2-s-dental-schedule"",""slot"":""subject"",""tier"":2,""rarity"":""uncommon"",""lane"":""wit"",""cost"":1,""type"":""word"",""phrase"":""your aggression"",""tags"":[""academic"",""observational""],""stats"":{""wit"":2},""setId"":""thorns-3"",""setSlot"":""subject"",""schoolId"":""thorns"",""flavor"":""A schedule, technically. A regimen, generously.""}"
wv2-s-yield-sign,Witch Mountain Bridge,this argument,wit,subject,word,uncommon,2,1,this argument,+2 wit,The sign is a contract. The contract is in dispute.,academic|observational,,,,,2,,,,,,,,,"{""id"":""wv2-s-yield-sign"",""slot"":""subject"",""tier"":2,""rarity"":""uncommon"",""lane"":""wit"",""cost"":1,""type"":""word"",""phrase"":""this argument"",""tags"":[""academic"",""observational""],""stats"":{""wit"":2},""setId"":""crescendo-2"",""setSlot"":""subject"",""schoolId"":""crescendo"",""flavor"":""The sign is a contract. The contract is in dispute.""}"
wv2-s-your-volvo,Witch Mountain Bridge,what's been building,wit,subject,word,uncommon,2,1,what's been building,+2 wit,A patient car. A patient car with opinions.,observational|academic,,,,,2,,,,,,,,,"{""id"":""wv2-s-your-volvo"",""slot"":""subject"",""tier"":2,""rarity"":""uncommon"",""lane"":""wit"",""cost"":1,""type"":""word"",""phrase"":""what's been building"",""tags"":[""observational"",""academic""],""stats"":{""wit"":2},""setId"":""crescendo-3"",""setSlot"":""subject"",""schoolId"":""crescendo"",""flavor"":""A patient car. A patient car with opinions.""}"
wv2-s-boucle-suggestion,Witch Mountain Bridge,your point,wit,subject,word,uncommon,2,1,your point,+2 wit,"A suggestion that, mercifully, can be revoked.",observational,,,,,2,,,,,,,,,"{""id"":""wv2-s-boucle-suggestion"",""slot"":""subject"",""tier"":2,""rarity"":""uncommon"",""lane"":""wit"",""cost"":1,""type"":""word"",""phrase"":""your point"",""tags"":[""observational""],""stats"":{""wit"":2},""setId"":""slowburn-4"",""setSlot"":""subject"",""schoolId"":""slowburn"",""flavor"":""A suggestion that, mercifully, can be revoked.""}"
wv2-s-evening-wear,Witch Mountain Bridge,your premise,wit,subject,word,uncommon,2,1,your premise,+2 wit,"Evening wear being, of course, time-stamped.",observational|academic,,,,,2,,,,,,,,,"{""id"":""wv2-s-evening-wear"",""slot"":""subject"",""tier"":2,""rarity"":""uncommon"",""lane"":""wit"",""cost"":1,""type"":""word"",""phrase"":""your premise"",""tags"":[""observational"",""academic""],""stats"":{""wit"":2},""setId"":""slowburn-5"",""setSlot"":""subject"",""schoolId"":""slowburn"",""flavor"":""Evening wear being, of course, time-stamped.""}"
wv2-s-standards-of-upkeep,Witch Mountain Bridge,your standards of upkeep,wit,subject,word,uncommon,2,1,your standards of upkeep,+2 wit,"Standards being, broadly, what one calls the absence of them.",academic|cutting,,,,,2,,,,,,,,,"{""id"":""wv2-s-standards-of-upkeep"",""schoolId"":""thorns"",""slot"":""subject"",""tier"":2,""rarity"":""uncommon"",""lane"":""wit"",""cost"":1,""type"":""word"",""phrase"":""your standards of upkeep"",""tags"":[""academic"",""cutting""],""stats"":{""wit"":2},""flavor"":""Standards being, broadly, what one calls the absence of them.""}"
wv2-s-towel-rotation,Witch Mountain Bridge,what you throw,wit,subject,word,uncommon,2,1,what you throw,+2 wit,"A rotation, technically. A cycle, generously. A habit, charitably.",observational|cutting,,,,,2,,,,,,,,,"{""id"":""wv2-s-towel-rotation"",""slot"":""subject"",""tier"":2,""rarity"":""uncommon"",""lane"":""wit"",""cost"":1,""type"":""word"",""phrase"":""what you throw"",""tags"":[""observational"",""cutting""],""stats"":{""wit"":2},""setId"":""thorns-5"",""setSlot"":""subject"",""schoolId"":""thorns"",""flavor"":""A rotation, technically. A cycle, generously. A habit, charitably.""}"
wv2-s-parallel-parking,Witch Mountain Bridge,every point we've made,wit,subject,word,uncommon,2,1,every point we've made,+2 wit,The attempt is the moral. The result is the comedy.,observational,,,,,2,,,,,,,,,"{""id"":""wv2-s-parallel-parking"",""slot"":""subject"",""tier"":2,""rarity"":""uncommon"",""lane"":""wit"",""cost"":1,""type"":""word"",""phrase"":""every point we've made"",""tags"":[""observational""],""stats"":{""wit"":2},""setId"":""crescendo-4"",""setSlot"":""subject"",""schoolId"":""crescendo"",""flavor"":""The attempt is the moral. The result is the comedy.""}"
wv2-s-left-lane-behavior,Witch Mountain Bridge,the case I've laid out,wit,subject,word,uncommon,2,1,the case I've laid out,+2 wit,"The left lane is a covenant. You have, somehow, declined to sign.",academic|cutting,,,,,2,,,,,,,,,"{""id"":""wv2-s-left-lane-behavior"",""slot"":""subject"",""tier"":2,""rarity"":""uncommon"",""lane"":""wit"",""cost"":1,""type"":""word"",""phrase"":""the case I've laid out"",""tags"":[""academic"",""cutting""],""stats"":{""wit"":2},""setId"":""crescendo-5"",""setSlot"":""subject"",""schoolId"":""crescendo"",""flavor"":""The left lane is a covenant. You have, somehow, declined to sign.""}"
wv2-s-wool-spring,Witch Mountain Bridge,"your wool, in spring,",wit,subject,word,uncommon,2,1,"your wool, in spring,",+2 wit,"Wool, in spring, being a sartorial cry for help.",observational,,,,,2,,,,,,,,,"{""id"":""wv2-s-wool-spring"",""schoolId"":""slowburn"",""slot"":""subject"",""tier"":2,""rarity"":""uncommon"",""lane"":""wit"",""cost"":1,""type"":""word"",""phrase"":""your wool, in spring,"",""tags"":[""observational""],""stats"":{""wit"":2},""flavor"":""Wool, in spring, being a sartorial cry for help.""}"
wv2-s-hem-garment,Witch Mountain Bridge,the hem of that garment,wit,subject,word,uncommon,2,1,the hem of that garment,+2 wit,"The hem is, in tailoring, where the honesty lives.",observational|cutting,,,,,2,,,,,,,,,"{""id"":""wv2-s-hem-garment"",""schoolId"":""thorns"",""slot"":""subject"",""tier"":2,""rarity"":""uncommon"",""lane"":""wit"",""cost"":1,""type"":""word"",""phrase"":""the hem of that garment"",""tags"":[""observational"",""cutting""],""stats"":{""wit"":2},""flavor"":""The hem is, in tailoring, where the honesty lives.""}"
wv2-s-silk-before-8,Witch Mountain Bridge,your conclusion,wit,subject,word,uncommon,2,1,your conclusion,+2 wit,"A specific silk. He has, of course, an example.",academic,,,,,2,,,,,,,,,"{""id"":""wv2-s-silk-before-8"",""slot"":""subject"",""tier"":2,""rarity"":""uncommon"",""lane"":""wit"",""cost"":1,""type"":""word"",""phrase"":""your conclusion"",""tags"":[""academic""],""stats"":{""wit"":2},""setId"":""slowburn-8"",""setSlot"":""subject"",""schoolId"":""slowburn"",""flavor"":""A specific silk. He has, of course, an example.""}"
wv2-s-bathroom-door,Witch Mountain Bridge,your next move,wit,subject,word,uncommon,2,1,your next move,+2 wit,"A door whose function, somehow, has not been internalised.",observational|cutting,,,,,2,,,,,,,,,"{""id"":""wv2-s-bathroom-door"",""slot"":""subject"",""tier"":2,""rarity"":""uncommon"",""lane"":""wit"",""cost"":1,""type"":""word"",""phrase"":""your next move"",""tags"":[""observational"",""cutting""],""stats"":{""wit"":2},""setId"":""thorns-6"",""setSlot"":""subject"",""schoolId"":""thorns"",""flavor"":""A door whose function, somehow, has not been internalised.""}"
wv2-s-evening-regimen,Witch Mountain Bridge,your evening regimen,wit,subject,word,uncommon,2,1,your evening regimen,+2 wit,"A regimen, generously. A pattern, charitably. A habit, factually.",academic|observational,,,,,2,,,,,,,,,"{""id"":""wv2-s-evening-regimen"",""schoolId"":""crescendo"",""slot"":""subject"",""tier"":2,""rarity"":""uncommon"",""lane"":""wit"",""cost"":1,""type"":""word"",""phrase"":""your evening regimen"",""tags"":[""academic"",""observational""],""stats"":{""wit"":2},""flavor"":""A regimen, generously. A pattern, charitably. A habit, factually.""}"
wv2-s-post-meal-ritual,Witch Mountain Bridge,your post-meal ritual,wit,subject,word,uncommon,2,1,your post-meal ritual,+2 wit,"Ritual being, in any civilised house, the entire compact.",academic|cutting,,,,,2,,,,,,,,,"{""id"":""wv2-s-post-meal-ritual"",""schoolId"":""thorns"",""slot"":""subject"",""tier"":2,""rarity"":""uncommon"",""lane"":""wit"",""cost"":1,""type"":""word"",""phrase"":""your post-meal ritual"",""tags"":[""academic"",""cutting""],""stats"":{""wit"":2},""flavor"":""Ritual being, in any civilised house, the entire compact.""}"
wv2-s-roundabout,Witch Mountain Bridge,your relationship to the roundabout,wit,subject,word,uncommon,2,1,your relationship to the roundabout,+2 wit,A roundabout requires a thesis. You arrived with a question.,academic|observational,,,,,2,,,,,,,,,"{""id"":""wv2-s-roundabout"",""schoolId"":""crescendo"",""slot"":""subject"",""tier"":2,""rarity"":""uncommon"",""lane"":""wit"",""cost"":1,""type"":""word"",""phrase"":""your relationship to the roundabout"",""tags"":[""academic"",""observational""],""stats"":{""wit"":2},""flavor"":""A roundabout requires a thesis. You arrived with a question.""}"
wv2-s-speed-limit,Witch Mountain Bridge,your relationship to the speed limit,wit,subject,word,uncommon,2,1,your relationship to the speed limit,+2 wit,"A limit being, in fact, an upper bound. Not a target.",academic|observational,,,,,2,,,,,,,,,"{""id"":""wv2-s-speed-limit"",""schoolId"":""crescendo"",""slot"":""subject"",""tier"":2,""rarity"":""uncommon"",""lane"":""wit"",""cost"":1,""type"":""word"",""phrase"":""your relationship to the speed limit"",""tags"":[""academic"",""observational""],""stats"":{""wit"":2},""flavor"":""A limit being, in fact, an upper bound. Not a target.""}"
wv2-s-four-way-stop,Witch Mountain Bridge,your relationship to the four-way stop,wit,subject,word,uncommon,2,1,your relationship to the four-way stop,+2 wit,"A choreography. You have, somehow, not been taught the steps.",academic|cutting,,,,,2,,,,,,,,,"{""id"":""wv2-s-four-way-stop"",""schoolId"":""thorns"",""slot"":""subject"",""tier"":2,""rarity"":""uncommon"",""lane"":""wit"",""cost"":1,""type"":""word"",""phrase"":""your relationship to the four-way stop"",""tags"":[""academic"",""cutting""],""stats"":{""wit"":2},""flavor"":""A choreography. You have, somehow, not been taught the steps.""}"
wv2-t-thats-not-it,Witch Mountain Bridge,that's not it.,wit,target,effect,basic,1,1,that's not it.,Cast: 4 + Wit×3 + Long Thread × 1 composure.,Said gently. Heard sharply.,observational|cutting,wit,2,3,composure,,,,,,,,threadScaling,,"{""id"":""wv2-t-thats-not-it"",""schoolId"":""slowburn"",""slot"":""target"",""tier"":1,""rarity"":""basic"",""lane"":""wit"",""cost"":1,""type"":""effect"",""phrase"":""that's not it."",""tags"":[""observational"",""cutting""],""effect"":{""scaleBy"":""wit"",""base"":2,""multiplier"":3,""damageType"":""composure"",""threadScaling"":1},""desc"":""Cast: 4 + Wit×3 + Long Thread × 1 composure."",""flavor"":""Said gently. Heard sharply.""}"
wv2-t-what-i-expected,Witch Mountain Bridge,is exactly what I expected.,wit,target,effect,common,1,1,is exactly what I expected.,Apply weak:1,"Expectations, in this case, were a kindness.",cutting|observational,wit,3,3,composure,,,,,weak:1,,,,,"{""id"":""wv2-t-what-i-expected"",""schoolId"":""slowburn"",""slot"":""target"",""tier"":1,""rarity"":""common"",""lane"":""wit"",""cost"":1,""type"":""effect"",""phrase"":""is exactly what I expected."",""tags"":[""cutting"",""observational""],""effect"":{""scaleBy"":""wit"",""base"":3,""multiplier"":3,""damageType"":""composure"",""rider"":{""weak"":1}},""flavor"":""Expectations, in this case, were a kindness.""}"
wv2-t-not-survive-scrutiny,Witch Mountain Bridge,will not survive this scrutiny.,wit,target,effect,common,1,1,will not survive this scrutiny.,Apply vulnerable:1,Survival being a matter of one careful look.,academic|cutting,wit,3,3,composure,,,,,vulnerable:1,,,,,"{""id"":""wv2-t-not-survive-scrutiny"",""schoolId"":""slowburn"",""slot"":""target"",""tier"":1,""rarity"":""common"",""lane"":""wit"",""cost"":1,""type"":""effect"",""phrase"":""will not survive this scrutiny."",""tags"":[""academic"",""cutting""],""effect"":{""scaleBy"":""wit"",""base"":3,""multiplier"":3,""damageType"":""composure"",""rider"":{""vulnerable"":1}},""flavor"":""Survival being a matter of one careful look.""}"
wv2-t-politely-overlooked,Witch Mountain Bridge,"has been politely overlooked, until now.",wit,target,effect,common,1,1,"has been politely overlooked, until now.","Spell fragment: ""has been politely overlooked, until now.""",Politeness is a renewable resource. Today it ran out.,observational|cutting,wit,5,3,composure,,,1,,,,,,,"{""id"":""wv2-t-politely-overlooked"",""schoolId"":""crescendo"",""slot"":""target"",""tier"":1,""rarity"":""common"",""lane"":""wit"",""cost"":1,""type"":""effect"",""phrase"":""has been politely overlooked, until now."",""tags"":[""observational"",""cutting""],""effect"":{""scaleBy"":""wit"",""base"":5,""multiplier"":3,""damageType"":""composure"",""drawAfterCast"":1},""flavor"":""Politeness is a renewable resource. Today it ran out.""}"
wv2-t-lacks-seriousness,Witch Mountain Bridge,lacks the seriousness it pretends to.,wit,target,effect,uncommon,2,2,lacks the seriousness it pretends to.,Apply weak:1,The pretense was the only weight it carried.,academic|cutting,wit,6,2,composure,,,,,weak:1,,,,,"{""id"":""wv2-t-lacks-seriousness"",""schoolId"":""slowburn"",""slot"":""target"",""tier"":2,""rarity"":""uncommon"",""lane"":""wit"",""cost"":2,""type"":""effect"",""phrase"":""lacks the seriousness it pretends to."",""tags"":[""academic"",""cutting""],""effect"":{""scaleBy"":""wit"",""base"":6,""multiplier"":2,""damageType"":""composure"",""rider"":{""weak"":1}},""flavor"":""The pretense was the only weight it carried.""}"
wv2-t-mistakes-vehemence,Witch Mountain Bridge,mistakes vehemence for vigor.,wit,target,effect,uncommon,2,2,mistakes vehemence for vigor.,Apply vulnerable:1,"The two have, at this point, never even been introduced.",academic|cutting,wit,5,3,composure,,,,,vulnerable:1,,,,,"{""id"":""wv2-t-mistakes-vehemence"",""schoolId"":""slowburn"",""slot"":""target"",""tier"":2,""rarity"":""uncommon"",""lane"":""wit"",""cost"":2,""type"":""effect"",""phrase"":""mistakes vehemence for vigor."",""tags"":[""academic"",""cutting""],""effect"":{""scaleBy"":""wit"",""base"":5,""multiplier"":3,""damageType"":""composure"",""rider"":{""vulnerable"":1}},""flavor"":""The two have, at this point, never even been introduced.""}"
wv2-t-natural-conclusion,Witch Mountain Bridge,"is, perhaps, the natural conclusion.",wit,target,effect,uncommon,2,2,"is, perhaps, the natural conclusion.",Cast: 6 + Wit×3 + Long Thread × 3 composure.,"Natural is doing some work here, but it gets to.",academic,wit,4,3,composure,,,,,,,,threadScaling,,"{""id"":""wv2-t-natural-conclusion"",""schoolId"":""slowburn"",""slot"":""target"",""tier"":2,""rarity"":""uncommon"",""lane"":""wit"",""cost"":2,""type"":""effect"",""phrase"":""is, perhaps, the natural conclusion."",""tags"":[""academic""],""effect"":{""scaleBy"":""wit"",""base"":4,""multiplier"":3,""damageType"":""composure"",""threadScaling"":3},""desc"":""Cast: 6 + Wit×3 + Long Thread × 3 composure."",""flavor"":""Natural is doing some work here, but it gets to.""}"
wv2-t-generous-error,Witch Mountain Bridge,"is, in the most generous reading, an error.",wit,target,effect,rare,3,2,"is, in the most generous reading, an error.",Apply weak:2,Less generous readings have been collected and indexed.,academic|observational,wit,8,3,composure,,,,,weak:2,,,,,"{""id"":""wv2-t-generous-error"",""schoolId"":""slowburn"",""slot"":""target"",""tier"":3,""rarity"":""rare"",""lane"":""wit"",""cost"":2,""type"":""effect"",""phrase"":""is, in the most generous reading, an error."",""tags"":[""academic"",""observational""],""effect"":{""scaleBy"":""wit"",""base"":8,""multiplier"":3,""damageType"":""composure"",""rider"":{""weak"":2}},""flavor"":""Less generous readings have been collected and indexed.""}"
wv2-t-future-studies,Witch Mountain Bridge,will be cited in future studies of what to avoid.,wit,target,effect,rare,3,2,will be cited in future studies of what to avoid.,"Spell fragment: ""will be cited in future studies of what to avoid.""",The citation is the gift. The avoidance is the lesson.,academic|cutting,wit,10,3,composure,,,,,,,,tier3Double,,"{""id"":""wv2-t-future-studies"",""schoolId"":""thorns"",""slot"":""target"",""tier"":3,""rarity"":""rare"",""lane"":""wit"",""cost"":2,""type"":""effect"",""phrase"":""will be cited in future studies of what to avoid."",""tags"":[""academic"",""cutting""],""effect"":{""scaleBy"":""wit"",""base"":10,""multiplier"":3,""damageType"":""composure"",""tier3Double"":true},""flavor"":""The citation is the gift. The avoidance is the lesson.""}"
wv2-t-own-punctuation,Witch Mountain Bridge,collapses under the weight of its own punctuation.,wit,target,effect,rare,3,3,collapses under the weight of its own punctuation.,"Spell fragment: ""collapses under the weight of its own punctuation.""","Em dashes can carry a great deal. Not, however, this.",academic|cutting,wit,12,3,composure,,,,,,,,requiresTier3,,"{""id"":""wv2-t-own-punctuation"",""schoolId"":""thorns"",""slot"":""target"",""tier"":3,""rarity"":""rare"",""lane"":""wit"",""cost"":3,""type"":""effect"",""phrase"":""collapses under the weight of its own punctuation."",""tags"":[""academic"",""cutting""],""effect"":{""scaleBy"":""wit"",""base"":12,""multiplier"":3,""damageType"":""composure"",""requiresTier3"":{""failureDamageMult"":0.5,""exhaustOnFail"":true}},""flavor"":""Em dashes can carry a great deal. Not, however, this.""}"
wv2-t-saying-something-wrong,Witch Mountain Bridge,"is, I am afraid, where you said something rather wrong.",wit,target,effect,rare,3,2,"is, I am afraid, where you said something rather wrong.","Cast: 13 + Wit×3 composure. In 2 turns, a Misstep token appears in hand: discard for 1 Energy, or end-of-turn = -3 HP. Exhausts either way.","You said it with conviction. The conviction is, on reflection, the problem.",academic|cutting,wit,11,3,composure,,,,,,,,delayedMisstep,,"{""id"":""wv2-t-saying-something-wrong"",""schoolId"":""thorns"",""slot"":""target"",""tier"":3,""rarity"":""rare"",""lane"":""wit"",""cost"":2,""type"":""effect"",""phrase"":""is, I am afraid, where you said something rather wrong."",""tags"":[""academic"",""cutting""],""effect"":{""scaleBy"":""wit"",""base"":11,""multiplier"":3,""damageType"":""composure"",""delayedMisstep"":{""delay"":2,""selfDamage"":3}},""desc"":""Cast: 13 + Wit×3 composure. In 2 turns, a Misstep token appears in hand: discard for 1 Energy, or end-of-turn = -3 HP. Exhausts either way."",""flavor"":""You said it with conviction. The conviction is, on reflection, the problem.""}"
wv2-t-collected-works,Witch Mountain Bridge,collapses under the weight of the collected works.,wit,target,effect,rare,3,2,collapses under the weight of the collected works.,"Consumes ALL your Block, dealing that much composure on top of the cast (1 Block = 1 composure). The longer you turtle, the heavier it lands.","You have had it bound. It is heavier than it looks, which — given how it looks — is saying something.",academic|cutting,wit,0,1,composure,,,,,,,,consumeBlockAsDamage,,"{""id"":""wv2-t-collected-works"",""slot"":""target"",""tier"":3,""rarity"":""rare"",""lane"":""wit"",""cost"":2,""type"":""effect"",""phrase"":""collapses under the weight of the collected works."",""tags"":[""academic"",""cutting""],""schoolId"":""thorns"",""effect"":{""scaleBy"":""wit"",""base"":0,""multiplier"":1,""damageType"":""composure"",""consumeBlockAsDamage"":1},""desc"":""Consumes ALL your Block, dealing that much composure on top of the cast (1 Block = 1 composure). The longer you turtle, the heavier it lands."",""flavor"":""You have had it bound. It is heavier than it looks, which — given how it looks — is saying something.""}"
wv2-t-fabric-starter,Witch Mountain Bridge,"lingers, badly.",wit,target,effect,basic,1,1,"lingers, badly.","Spell fragment: ""lingers, badly.""","Permission, in fabric, is the entire moral system.",observational,wit,2,2,composure,,,,,,,,,,"{""id"":""wv2-t-fabric-starter"",""slot"":""target"",""tier"":1,""rarity"":""basic"",""lane"":""wit"",""cost"":1,""type"":""effect"",""phrase"":""lingers, badly."",""tags"":[""observational""],""effect"":{""scaleBy"":""wit"",""base"":2,""multiplier"":2,""damageType"":""composure""},""setId"":""slowburn-4"",""setSlot"":""target"",""schoolId"":""slowburn"",""flavor"":""Permission, in fabric, is the entire moral system.""}"
wv2-t-not-tolerated-after-8,Witch Mountain Bridge,will slowly unravel.,wit,target,effect,uncommon,2,2,will slowly unravel.,"Spell fragment: ""will slowly unravel.""","Eight being, of course, the appointed hour for everything that matters.",observational|cutting,wit,3,2,composure,,,,,,,,,,"{""id"":""wv2-t-not-tolerated-after-8"",""slot"":""target"",""tier"":2,""rarity"":""uncommon"",""lane"":""wit"",""cost"":2,""type"":""effect"",""phrase"":""will slowly unravel."",""tags"":[""observational"",""cutting""],""effect"":{""scaleBy"":""wit"",""base"":3,""multiplier"":2,""damageType"":""composure""},""setId"":""slowburn-1"",""setSlot"":""target"",""schoolId"":""slowburn"",""flavor"":""Eight being, of course, the appointed hour for everything that matters.""}"
wv2-t-not-a-gentleman,Witch Mountain Bridge,comes back to you.,wit,target,effect,uncommon,2,2,comes back to you.,"Spell fragment: ""comes back to you.""","A conclusion arrived at, regretfully, by direct observation.",academic|cutting,wit,5,1,block,,,,,,,,,,"{""id"":""wv2-t-not-a-gentleman"",""slot"":""target"",""tier"":2,""rarity"":""uncommon"",""lane"":""wit"",""cost"":2,""type"":""effect"",""phrase"":""comes back to you."",""tags"":[""academic"",""cutting""],""effect"":{""scaleBy"":""wit"",""base"":5,""multiplier"":1,""damageType"":""block""},""setId"":""thorns-1"",""setSlot"":""target"",""schoolId"":""thorns"",""flavor"":""A conclusion arrived at, regretfully, by direct observation.""}"
wv2-t-entire-drive,Witch Mountain Bridge,lands at once.,wit,target,effect,uncommon,2,2,lands at once.,"Spell fragment: ""lands at once.""","Lasts being, on this evidence, an indictment.",observational|cutting,wit,3,2,composure,,,,,,,,,,"{""id"":""wv2-t-entire-drive"",""slot"":""target"",""tier"":2,""rarity"":""uncommon"",""lane"":""wit"",""cost"":2,""type"":""effect"",""phrase"":""lands at once."",""tags"":[""observational"",""cutting""],""effect"":{""scaleBy"":""wit"",""base"":3,""multiplier"":2,""damageType"":""composure""},""setId"":""crescendo-1"",""setSlot"":""target"",""schoolId"":""crescendo"",""flavor"":""Lasts being, on this evidence, an indictment.""}"
wv2-t-precisely-what-one-does-not-do,Witch Mountain Bridge,will slowly decay.,wit,target,effect,uncommon,2,2,will slowly decay.,"Spell fragment: ""will slowly decay.""","One being, in this case, the entire civilised population.",academic|cutting,wit,3,2,composure,,,,,,,,,,"{""id"":""wv2-t-precisely-what-one-does-not-do"",""slot"":""target"",""tier"":2,""rarity"":""uncommon"",""lane"":""wit"",""cost"":2,""type"":""effect"",""phrase"":""will slowly decay."",""tags"":[""academic"",""cutting""],""effect"":{""scaleBy"":""wit"",""base"":3,""multiplier"":2,""damageType"":""composure""},""setId"":""slowburn-2"",""setSlot"":""target"",""schoolId"":""slowburn"",""flavor"":""One being, in this case, the entire civilised population.""}"
wv2-t-aesthetic-failure-first,Witch Mountain Bridge,rebounds with interest.,wit,target,effect,uncommon,2,2,rebounds with interest.,"Spell fragment: ""rebounds with interest.""","Aesthetics being, in his school, the only ethics that hold up.",academic|cutting,wit,3,1,block,,,,,,,,,,"{""id"":""wv2-t-aesthetic-failure-first"",""slot"":""target"",""tier"":2,""rarity"":""uncommon"",""lane"":""wit"",""cost"":2,""type"":""effect"",""phrase"":""rebounds with interest."",""tags"":[""academic"",""cutting""],""effect"":{""scaleBy"":""wit"",""base"":3,""multiplier"":1,""damageType"":""block""},""setId"":""thorns-2"",""setSlot"":""target"",""schoolId"":""thorns"",""flavor"":""Aesthetics being, in his school, the only ethics that hold up.""}"
wv2-t-politely-call-memorial,Witch Mountain Bridge,"turns inward, sharply.",wit,target,effect,uncommon,2,2,"turns inward, sharply.","Spell fragment: ""turns inward, sharply.""","Politeness, in a memorial setting, is the entire performance.",observational|cutting,wit,5,1,block,,,,,,,,,,"{""id"":""wv2-t-politely-call-memorial"",""slot"":""target"",""tier"":2,""rarity"":""uncommon"",""lane"":""wit"",""cost"":2,""type"":""effect"",""phrase"":""turns inward, sharply."",""tags"":[""observational"",""cutting""],""effect"":{""scaleBy"":""wit"",""base"":5,""multiplier"":1,""damageType"":""block""},""setId"":""thorns-3"",""setSlot"":""target"",""schoolId"":""thorns"",""flavor"":""Politeness, in a memorial setting, is the entire performance.""}"
wv2-t-suggestion-at-best,Witch Mountain Bridge,is just getting started.,wit,target,effect,uncommon,2,2,is just getting started.,"Spell fragment: ""is just getting started.""","A suggestion being, legally speaking, a contract you ignored.",academic|cutting,wit,3,2,composure,,,,,,,,,,"{""id"":""wv2-t-suggestion-at-best"",""slot"":""target"",""tier"":2,""rarity"":""uncommon"",""lane"":""wit"",""cost"":2,""type"":""effect"",""phrase"":""is just getting started."",""tags"":[""academic"",""cutting""],""effect"":{""scaleBy"":""wit"",""base"":3,""multiplier"":2,""damageType"":""composure""},""setId"":""crescendo-2"",""setSlot"":""target"",""schoolId"":""crescendo"",""flavor"":""A suggestion being, legally speaking, a contract you ignored.""}"
wv2-t-conversation-with-you-itself,Witch Mountain Bridge,lands hardest now.,wit,target,effect,uncommon,2,2,lands hardest now.,"Spell fragment: ""lands hardest now.""",Volvos are patient. The conversation has been queued since 2003.,observational,wit,5,2,composure,,,,,,,,,,"{""id"":""wv2-t-conversation-with-you-itself"",""slot"":""target"",""tier"":2,""rarity"":""uncommon"",""lane"":""wit"",""cost"":2,""type"":""effect"",""phrase"":""lands hardest now."",""tags"":[""observational""],""effect"":{""scaleBy"":""wit"",""base"":5,""multiplier"":2,""damageType"":""composure""},""setId"":""crescendo-3"",""setSlot"":""target"",""schoolId"":""crescendo"",""flavor"":""Volvos are patient. The conversation has been queued since 2003.""}"
wv2-t-fabric-stops-asking,Witch Mountain Bridge,"lingers, badly.",wit,target,effect,uncommon,2,2,"lingers, badly.","Spell fragment: ""lingers, badly.""","Permission, in fabric, is the entire moral system.",observational,wit,3,2,composure,,,,,,,,,,"{""id"":""wv2-t-fabric-stops-asking"",""slot"":""target"",""tier"":2,""rarity"":""uncommon"",""lane"":""wit"",""cost"":2,""type"":""effect"",""phrase"":""lingers, badly."",""tags"":[""observational""],""effect"":{""scaleBy"":""wit"",""base"":3,""multiplier"":2,""damageType"":""composure""},""setId"":""slowburn-4"",""setSlot"":""target"",""schoolId"":""slowburn"",""flavor"":""Permission, in fabric, is the entire moral system.""}"
wv2-t-8-has-been-and-gone,Witch Mountain Bridge,will erode steadily.,wit,target,effect,uncommon,2,2,will erode steadily.,"Spell fragment: ""will erode steadily.""","The regret is the giveaway. Eight was, in fact, a deadline.",observational|cutting,wit,3,2,composure,,,,,,,,,,"{""id"":""wv2-t-8-has-been-and-gone"",""slot"":""target"",""tier"":2,""rarity"":""uncommon"",""lane"":""wit"",""cost"":2,""type"":""effect"",""phrase"":""will erode steadily."",""tags"":[""observational"",""cutting""],""effect"":{""scaleBy"":""wit"",""base"":3,""multiplier"":2,""damageType"":""composure""},""setId"":""slowburn-5"",""setSlot"":""target"",""schoolId"":""slowburn"",""flavor"":""The regret is the giveaway. Eight was, in fact, a deadline.""}"
wv2-t-soft-start,Witch Mountain Bridge,are what the rest of us call a soft start.,wit,target,effect,uncommon,2,2,are what the rest of us call a soft start.,"Spell fragment: ""are what the rest of us call a soft start.""","Softness, here, is a clinical observation. Not a kindness.",academic|cutting,wit,5,3,composure,,,,,,,,,,"{""id"":""wv2-t-soft-start"",""schoolId"":""thorns"",""slot"":""target"",""tier"":2,""rarity"":""uncommon"",""lane"":""wit"",""cost"":2,""type"":""effect"",""phrase"":""are what the rest of us call a soft start."",""tags"":[""academic"",""cutting""],""effect"":{""scaleBy"":""wit"",""base"":5,""multiplier"":3,""damageType"":""composure""},""flavor"":""Softness, here, is a clinical observation. Not a kindness.""}"
wv2-t-did-not-ask-to-know,Witch Mountain Bridge,is what you get back.,wit,target,effect,uncommon,2,2,is what you get back.,"Spell fragment: ""is what you get back.""",We did not ask. The towel still spoke.,observational|cutting,wit,3,1,block,,,,,,,,,,"{""id"":""wv2-t-did-not-ask-to-know"",""slot"":""target"",""tier"":2,""rarity"":""uncommon"",""lane"":""wit"",""cost"":2,""type"":""effect"",""phrase"":""is what you get back."",""tags"":[""observational"",""cutting""],""effect"":{""scaleBy"":""wit"",""base"":3,""multiplier"":1,""damageType"":""block""},""setId"":""thorns-5"",""setSlot"":""target"",""schoolId"":""thorns"",""flavor"":""We did not ask. The towel still spoke.""}"
wv2-t-essence-public-service,Witch Mountain Bridge,adds up here.,wit,target,effect,uncommon,2,2,adds up here.,"Spell fragment: ""adds up here.""",The service being free entertainment for everyone watching.,observational,wit,3,2,composure,,,,,,,,,,"{""id"":""wv2-t-essence-public-service"",""slot"":""target"",""tier"":2,""rarity"":""uncommon"",""lane"":""wit"",""cost"":2,""type"":""effect"",""phrase"":""adds up here."",""tags"":[""observational""],""effect"":{""scaleBy"":""wit"",""base"":3,""multiplier"":2,""damageType"":""composure""},""setId"":""crescendo-4"",""setSlot"":""target"",""schoolId"":""crescendo"",""flavor"":""The service being free entertainment for everyone watching.""}"
wv2-t-jurisdiction-moral-failing,Witch Mountain Bridge,delivers itself now.,wit,target,effect,uncommon,2,2,delivers itself now.,"Spell fragment: ""delivers itself now.""","Most jurisdictions, in fact. Civilised ones, certainly.",academic|cutting,wit,3,2,composure,,,,,,,,,,"{""id"":""wv2-t-jurisdiction-moral-failing"",""slot"":""target"",""tier"":2,""rarity"":""uncommon"",""lane"":""wit"",""cost"":2,""type"":""effect"",""phrase"":""delivers itself now."",""tags"":[""academic"",""cutting""],""effect"":{""scaleBy"":""wit"",""base"":3,""multiplier"":2,""damageType"":""composure""},""setId"":""crescendo-5"",""setSlot"":""target"",""schoolId"":""crescendo"",""flavor"":""Most jurisdictions, in fact. Civilised ones, certainly.""}"
wv2-t-its-own-opinions,Witch Mountain Bridge,has its own opinions.,wit,target,effect,uncommon,2,2,has its own opinions.,"Spell fragment: ""has its own opinions.""","Wool develops opinions. Linen, in spring, simply behaves.",observational,wit,5,3,composure,,,,,,,,,,"{""id"":""wv2-t-its-own-opinions"",""schoolId"":""slowburn"",""slot"":""target"",""tier"":2,""rarity"":""uncommon"",""lane"":""wit"",""cost"":2,""type"":""effect"",""phrase"":""has its own opinions."",""tags"":[""observational""],""effect"":{""scaleBy"":""wit"",""base"":5,""multiplier"":3,""damageType"":""composure""},""flavor"":""Wool develops opinions. Linen, in spring, simply behaves.""}"
wv2-t-still-be-unkind,Witch Mountain Bridge,would still be unkind.,wit,target,effect,uncommon,2,2,would still be unkind.,"Spell fragment: ""would still be unkind.""","Charity has its limits. The hem has, regretfully, exposed them.",cutting|observational,wit,6,3,composure,,,,,,,,,,"{""id"":""wv2-t-still-be-unkind"",""schoolId"":""thorns"",""slot"":""target"",""tier"":2,""rarity"":""uncommon"",""lane"":""wit"",""cost"":2,""type"":""effect"",""phrase"":""would still be unkind."",""tags"":[""cutting"",""observational""],""effect"":{""scaleBy"":""wit"",""base"":6,""multiplier"":3,""damageType"":""composure""},""flavor"":""Charity has its limits. The hem has, regretfully, exposed them.""}"
wv2-t-not-what-one-wears-after,Witch Mountain Bridge,will fester.,wit,target,effect,uncommon,2,2,will fester.,"Spell fragment: ""will fester.""","Before 8 and after 8 being, in textiles, two different gravities.",academic,wit,3,2,composure,,,,,,,,,,"{""id"":""wv2-t-not-what-one-wears-after"",""slot"":""target"",""tier"":2,""rarity"":""uncommon"",""lane"":""wit"",""cost"":2,""type"":""effect"",""phrase"":""will fester."",""tags"":[""academic""],""effect"":{""scaleBy"":""wit"",""base"":3,""multiplier"":2,""damageType"":""composure""},""setId"":""slowburn-8"",""setSlot"":""target"",""schoolId"":""slowburn"",""flavor"":""Before 8 and after 8 being, in textiles, two different gravities.""}"
wv2-t-rest-follows,Witch Mountain Bridge,answers itself.,wit,target,effect,uncommon,2,2,answers itself.,"Spell fragment: ""answers itself.""","The rest, in his house, being a long list of consequences.",observational|cutting,wit,3,1,block,,,,,,,,,,"{""id"":""wv2-t-rest-follows"",""slot"":""target"",""tier"":2,""rarity"":""uncommon"",""lane"":""wit"",""cost"":2,""type"":""effect"",""phrase"":""answers itself."",""tags"":[""observational"",""cutting""],""effect"":{""scaleBy"":""wit"",""base"":3,""multiplier"":1,""damageType"":""block""},""setId"":""thorns-6"",""setSlot"":""target"",""schoolId"":""thorns"",""flavor"":""The rest, in his house, being a long list of consequences.""}"
wv2-t-in-fact-ongoing,Witch Mountain Bridge,"is, in fact, ongoing.",wit,target,effect,uncommon,2,2,"is, in fact, ongoing.","Spell fragment: ""is, in fact, ongoing.""","Ongoing being a verb-form, here, with weight.",academic|observational,wit,5,3,composure,,,,,,,,,,"{""id"":""wv2-t-in-fact-ongoing"",""schoolId"":""crescendo"",""slot"":""target"",""tier"":2,""rarity"":""uncommon"",""lane"":""wit"",""cost"":2,""type"":""effect"",""phrase"":""is, in fact, ongoing."",""tags"":[""academic"",""observational""],""effect"":{""scaleBy"":""wit"",""base"":5,""multiplier"":3,""damageType"":""composure""},""flavor"":""Ongoing being a verb-form, here, with weight.""}"
wv2-t-optional-in-your-house,Witch Mountain Bridge,"is, regrettably, optional in your house.",wit,target,effect,uncommon,2,2,"is, regrettably, optional in your house.","Spell fragment: ""is, regrettably, optional in your house.""","Optional being, in this case, a synonym for ""absent altogether.""",academic|cutting,wit,6,3,composure,,,,,,,,,,"{""id"":""wv2-t-optional-in-your-house"",""schoolId"":""thorns"",""slot"":""target"",""tier"":2,""rarity"":""uncommon"",""lane"":""wit"",""cost"":2,""type"":""effect"",""phrase"":""is, regrettably, optional in your house."",""tags"":[""academic"",""cutting""],""effect"":{""scaleBy"":""wit"",""base"":6,""multiplier"":3,""damageType"":""composure""},""flavor"":""Optional being, in this case, a synonym for \""absent altogether.\""""}"
wv2-t-insurance-forms,Witch Mountain Bridge,is what insurance forms are for.,wit,target,effect,uncommon,2,2,is what insurance forms are for.,"Spell fragment: ""is what insurance forms are for.""",The forms have been pre-filled. By the underwriter. With a sigh.,observational,wit,6,3,composure,,,,,,,,,,"{""id"":""wv2-t-insurance-forms"",""schoolId"":""slowburn"",""slot"":""target"",""tier"":2,""rarity"":""uncommon"",""lane"":""wit"",""cost"":2,""type"":""effect"",""phrase"":""is what insurance forms are for."",""tags"":[""observational""],""effect"":{""scaleBy"":""wit"",""base"":6,""multiplier"":3,""damageType"":""composure""},""flavor"":""The forms have been pre-filled. By the underwriter. With a sigh.""}"
wv2-t-generously-aspirational,Witch Mountain Bridge,"is, generously, aspirational.",wit,target,effect,uncommon,2,2,"is, generously, aspirational.","Spell fragment: ""is, generously, aspirational.""","Aspiration, here, being a polite name for ""regularly exceeded.""",academic|observational,wit,5,3,composure,,,,,,,,,,"{""id"":""wv2-t-generously-aspirational"",""schoolId"":""crescendo"",""slot"":""target"",""tier"":2,""rarity"":""uncommon"",""lane"":""wit"",""cost"":2,""type"":""effect"",""phrase"":""is, generously, aspirational."",""tags"":[""academic"",""observational""],""effect"":{""scaleBy"":""wit"",""base"":5,""multiplier"":3,""damageType"":""composure""},""flavor"":""Aspiration, here, being a polite name for \""regularly exceeded.\""""}"
wv2-t-category-of-confusion,Witch Mountain Bridge,"is, on its own, a category of confusion.",wit,target,effect,uncommon,2,2,"is, on its own, a category of confusion.","Spell fragment: ""is, on its own, a category of confusion.""","The category is small. You are, somehow, its sole member.",academic|cutting,wit,6,3,composure,,,,,,,,,,"{""id"":""wv2-t-category-of-confusion"",""schoolId"":""thorns"",""slot"":""target"",""tier"":2,""rarity"":""uncommon"",""lane"":""wit"",""cost"":2,""type"":""effect"",""phrase"":""is, on its own, a category of confusion."",""tags"":[""academic"",""cutting""],""effect"":{""scaleBy"":""wit"",""base"":6,""multiplier"":3,""damageType"":""composure""},""flavor"":""The category is small. You are, somehow, its sole member.""}"
wv2-m-due-respect,Witch Mountain Bridge,"With all due respect,",wit,modifier,modifier,common,1,0,"With all due respect,",+1 wit,"Respect is, in this dialect, a verb tense.",academic,,,,,1,,,,,,,addsTag,pre,"{""id"":""wv2-m-due-respect"",""slot"":""modifier"",""tier"":1,""rarity"":""common"",""lane"":""wit"",""cost"":0,""type"":""modifier"",""modifierKind"":""pre"",""phrase"":""With all due respect,"",""tags"":[""academic""],""stats"":{""wit"":1},""modifierEffect"":{""addsTag"":""academic""},""flavor"":""Respect is, in this dialect, a verb tense.""}"
wv2-m-on-reflection,Witch Mountain Bridge,"On reflection,",wit,modifier,modifier,common,1,0,"On reflection,",+1 wit,Reflection being the second-most-honest of the rhetorical positions.,academic,,,,,1,,,,,,,addsTag,pre,"{""id"":""wv2-m-on-reflection"",""slot"":""modifier"",""tier"":1,""rarity"":""common"",""lane"":""wit"",""cost"":0,""type"":""modifier"",""modifierKind"":""pre"",""phrase"":""On reflection,"",""tags"":[""academic""],""stats"":{""wit"":1},""modifierEffect"":{""addsTag"":""hedge""},""flavor"":""Reflection being the second-most-honest of the rhetorical positions.""}"
wv2-m-obviously,Witch Mountain Bridge,"— obviously,",wit,modifier,modifier,common,1,1,"— obviously,",Apply weak:1,"Obviousness has, in this case, taken its sweet time.",cutting,,,,,,,,,weak:1,,,addsTag,post,"{""id"":""wv2-m-obviously"",""slot"":""modifier"",""tier"":1,""rarity"":""common"",""lane"":""wit"",""cost"":1,""type"":""modifier"",""modifierKind"":""post"",""phrase"":""— obviously,"",""tags"":[""cutting""],""modifierEffect"":{""addsTag"":""dismissive"",""rider"":{""weak"":1}},""flavor"":""Obviousness has, in this case, taken its sweet time.""}"
wv2-m-i-daresay,Witch Mountain Bridge,"I daresay,",wit,modifier,modifier,common,1,1,"I daresay,",+1 wit,Daresay being the verb form of having said it earlier in private.,academic,,,,,1,,,,,,,addsTag|drawAfterCast,pre,"{""id"":""wv2-m-i-daresay"",""slot"":""modifier"",""tier"":1,""rarity"":""common"",""lane"":""wit"",""cost"":1,""type"":""modifier"",""modifierKind"":""pre"",""phrase"":""I daresay,"",""tags"":[""academic""],""stats"":{""wit"":1},""modifierEffect"":{""addsTag"":""academic"",""drawAfterCast"":1},""flavor"":""Daresay being the verb form of having said it earlier in private.""}"
wv2-m-and-i-quote,Witch Mountain Bridge,"— and I quote,",wit,modifier,modifier,common,1,1,"— and I quote,","Spell fragment: ""— and I quote,""","Quotation marks are, on their best day, a small gift.",academic,,,,,,,,,,,,addsTag|conditionalMult,post,"{""id"":""wv2-m-and-i-quote"",""slot"":""modifier"",""tier"":1,""rarity"":""common"",""lane"":""wit"",""cost"":1,""type"":""modifier"",""modifierKind"":""post"",""phrase"":""— and I quote,"",""tags"":[""academic""],""modifierEffect"":{""addsTag"":""academic"",""conditionalMult"":{""tier2Plus"":1.5}},""flavor"":""Quotation marks are, on their best day, a small gift.""}"
wv2-m-stares-meaningfully,Witch Mountain Bridge,(stares meaningfully),wit,modifier,modifier,uncommon,2,1,(stares meaningfully),Apply vulnerable:1,The staring is the rhetoric. The meaningful is the multiplier.,observational,,,,,,,,,vulnerable:1,,,addsTag,replaces-intro,"{""id"":""wv2-m-stares-meaningfully"",""slot"":""modifier"",""tier"":2,""rarity"":""uncommon"",""lane"":""wit"",""cost"":1,""type"":""modifier"",""modifierKind"":""replaces-intro"",""phrase"":""(stares meaningfully)"",""tags"":[""observational""],""modifierEffect"":{""addsTag"":""observational"",""rider"":{""vulnerable"":1}},""flavor"":""The staring is the rhetoric. The meaningful is the multiplier.""}"
wv2-m-apologies-mother,Witch Mountain Bridge,"— with apologies to your mother,",wit,modifier,modifier,uncommon,2,2,"— with apologies to your mother,","Spell fragment: ""— with apologies to your mother,""",Apologies being the only honest part of the sentence.,cutting,,,,,,,,,,,,addsTag|damageMult,post,"{""id"":""wv2-m-apologies-mother"",""slot"":""modifier"",""tier"":2,""rarity"":""uncommon"",""lane"":""wit"",""cost"":2,""type"":""modifier"",""modifierKind"":""post"",""phrase"":""— with apologies to your mother,"",""tags"":[""cutting""],""modifierEffect"":{""addsTag"":""cutting"",""damageMult"":1.5},""flavor"":""Apologies being the only honest part of the sentence.""}"
wv2-m-back-row-hears,Witch Mountain Bridge,"(shouted clearly so the back row hears,)",wit,modifier,modifier,uncommon,2,2,"(shouted clearly so the back row hears,)",Apply weak:2,"Volume is, on rare occasions, the entire argument.",cutting,,,,,,,,,weak:2,,,addsTag|selfComposureCost,pre,"{""id"":""wv2-m-back-row-hears"",""slot"":""modifier"",""tier"":2,""rarity"":""uncommon"",""lane"":""wit"",""cost"":2,""type"":""modifier"",""modifierKind"":""pre"",""phrase"":""(shouted clearly so the back row hears,)"",""tags"":[""cutting""],""modifierEffect"":{""addsTag"":""dismissive"",""rider"":{""weak"":2},""selfComposureCost"":1},""flavor"":""Volume is, on rare occasions, the entire argument.""}"
wv2-m-three-ways,Witch Mountain Bridge,"— and I mean this in three ways,",wit,modifier,modifier,uncommon,2,2,"— and I mean this in three ways,","Spell fragment: ""— and I mean this in three ways,""",Three ways being a polite undercount.,observational,,,,,,,,,,,,perSharedTag,post,"{""id"":""wv2-m-three-ways"",""slot"":""modifier"",""tier"":2,""rarity"":""uncommon"",""lane"":""wit"",""cost"":2,""type"":""modifier"",""modifierKind"":""post"",""phrase"":""— and I mean this in three ways,"",""tags"":[""observational""],""modifierEffect"":{""perSharedTag"":3},""flavor"":""Three ways being a polite undercount.""}"
wv2-m-needlepoint,Witch Mountain Bridge,"— to be made into a needlepoint by your enemies,",wit,modifier,modifier,rare,3,2,"— to be made into a needlepoint by your enemies,",Apply vulnerable:2,The needlepoint will hang in their hallway. They will see it daily.,cutting|observational,,,,,,,,,vulnerable:2,,,tier3Payoff,post,"{""id"":""wv2-m-needlepoint"",""slot"":""modifier"",""tier"":3,""rarity"":""rare"",""lane"":""wit"",""cost"":2,""type"":""modifier"",""modifierKind"":""post"",""phrase"":""— to be made into a needlepoint by your enemies,"",""tags"":[""cutting"",""observational""],""modifierEffect"":{""tier3Payoff"":{""damageMult"":2,""rider"":{""vulnerable"":2}}},""flavor"":""The needlepoint will hang in their hallway. They will see it daily.""}"
wv2-m-anyone-with-eyes,Witch Mountain Bridge,"(as anyone with eyes can see,)",wit,modifier,modifier,rare,3,2,"(as anyone with eyes can see,)","Spell fragment: ""(as anyone with eyes can see,)""","The eyes have, until now, been politely closed.",observational,,,,,,,,,,,,addsTag|damageMult|stripEnemyBlock,pre,"{""id"":""wv2-m-anyone-with-eyes"",""slot"":""modifier"",""tier"":3,""rarity"":""rare"",""lane"":""wit"",""cost"":2,""type"":""modifier"",""modifierKind"":""pre"",""phrase"":""(as anyone with eyes can see,)"",""tags"":[""observational""],""modifierEffect"":{""addsTag"":""observational"",""stripEnemyBlock"":2,""damageMult"":1.5},""flavor"":""The eyes have, until now, been politely closed.""}"
wv2-m-measured-restraint,Witch Mountain Bridge,"— with measured restraint,",wit,modifier,modifier,common,1,1,"— with measured restraint,",Apply block:4,"Restraint, in this case, being a verb performed at audience.",academic,,,,,,,,,block:4,,,addsTag,post,"{""id"":""wv2-m-measured-restraint"",""slot"":""modifier"",""tier"":1,""rarity"":""common"",""lane"":""wit"",""cost"":1,""type"":""modifier"",""modifierKind"":""post"",""phrase"":""— with measured restraint,"",""tags"":[""academic""],""modifierEffect"":{""addsTag"":""formal"",""rider"":{""block"":4}},""flavor"":""Restraint, in this case, being a verb performed at audience.""}"
wv2-m-say-again,Witch Mountain Bridge,"— and I'll say it again,",wit,modifier,modifier,rare,3,2,"— and I'll say it again,","Spell fragment: ""— and I'll say it again,""",The first time was free. The second time is on record.,cutting,,,,,,,,,,,,damageMult,post,"{""id"":""wv2-m-say-again"",""slot"":""modifier"",""tier"":3,""rarity"":""rare"",""lane"":""wit"",""cost"":2,""type"":""modifier"",""modifierKind"":""post"",""phrase"":""— and I'll say it again,"",""tags"":[""cutting""],""modifierEffect"":{""damageMult"":2},""flavor"":""The first time was free. The second time is on record.""}"
wv2-m-words-actions,Witch Mountain Bridge,"— turning my words to actions,",wit,modifier,modifier,uncommon,2,2,"— turning my words to actions,","Spell fragment: ""— turning my words to actions,""","Actions speak louder than words. We're using both, today.",cutting|observational,,,,,,,,,,,,damageTypeFlip,post,"{""id"":""wv2-m-words-actions"",""slot"":""modifier"",""tier"":2,""rarity"":""uncommon"",""lane"":""wit"",""cost"":2,""type"":""modifier"",""modifierKind"":""post"",""phrase"":""— turning my words to actions,"",""tags"":[""cutting"",""observational""],""modifierEffect"":{""damageTypeFlip"":true},""flavor"":""Actions speak louder than words. We're using both, today.""}"
wv2-g-adjusts-spectacles,Witch Mountain Bridge,"(adjusts spectacles,)",wit,gesture,gesture,common,1,1,"(adjusts spectacles,)","Spell fragment: ""(adjusts spectacles,)""","The lenses are clean. The look behind them, less so.",observational,,,,,,,,,,,,gestureEffect,,"{""id"":""wv2-g-adjusts-spectacles"",""slot"":""gesture"",""tier"":1,""rarity"":""common"",""lane"":""wit"",""cost"":1,""type"":""gesture"",""phrase"":""(adjusts spectacles,)"",""tags"":[""observational""],""gestureEffect"":{""icon"":""👓"",""damage"":5,""damageType"":""composure"",""rider"":{""weak"":1},""exhaust"":true},""flavor"":""The lenses are clean. The look behind them, less so.""}"
wv2-g-pontificate,Witch Mountain Bridge,Pontificate at length:,wit,gesture,gesture,uncommon,2,3,Pontificate at length:,"Spell fragment: ""Pontificate at length:""",The pontifex pontificates. The audience reconsiders their afternoon.,academic|cutting,,,,,,,,,,,,gestureEffect,,"{""id"":""wv2-g-pontificate"",""slot"":""gesture"",""tier"":2,""rarity"":""uncommon"",""lane"":""wit"",""cost"":3,""type"":""gesture"",""phrase"":""Pontificate at length:"",""tags"":[""academic"",""cutting""],""gestureEffect"":{""icon"":""📚"",""damage"":11,""damageType"":""composure"",""exhaust"":false},""flavor"":""The pontifex pontificates. The audience reconsiders their afternoon.""}"
wv2-g-quip-correction,Witch Mountain Bridge,"(quip: a small correction,)",wit,gesture,gesture,common,1,1,"(quip: a small correction,)","Spell fragment: ""(quip: a small correction,)""","Six points of block, removed in passing. The footnote is sharper than the body.",academic|cutting,,,,,,,,,,,,gestureEffect,,"{""id"":""wv2-g-quip-correction"",""slot"":""gesture"",""tier"":1,""rarity"":""common"",""lane"":""wit"",""cost"":1,""type"":""gesture"",""phrase"":""(quip: a small correction,)"",""tags"":[""academic"",""cutting""],""gestureEffect"":{""icon"":""🖊"",""damage"":4,""damageType"":""composure"",""stripEnemyBlock"":6,""exhaust"":false},""flavor"":""Six points of block, removed in passing. The footnote is sharper than the body.""}"
wv2-t-footnote-bears-out,Witch Mountain Bridge,…as the long footnote bears out.,wit,target,effect,uncommon,2,2,…as the long footnote bears out.,"Spell fragment: ""…as the long footnote bears out.""","The footnote is on page 814. The page is, technically, also a footnote.",academic|observational,wit,2,2,composure,,,,,,,,perDiscardCard,,"{""id"":""wv2-t-footnote-bears-out"",""schoolId"":""crescendo"",""slot"":""target"",""tier"":2,""rarity"":""uncommon"",""lane"":""wit"",""cost"":2,""type"":""effect"",""phrase"":""…as the long footnote bears out."",""tags"":[""academic"",""observational""],""effect"":{""scaleBy"":""wit"",""base"":2,""multiplier"":2,""damageType"":""composure"",""perDiscardCard"":1},""flavor"":""The footnote is on page 814. The page is, technically, also a footnote.""}"
wv2-t-finally-answered,Witch Mountain Bridge,"is finally answered, in full.",wit,target,effect,uncommon,2,2,"is finally answered, in full.",REQUIRES an annotation attached. Cast: 4 + Wit comp + 5 × (annotation turns remaining). Exiles the annotation.,"Every footnote has, eventually, a reckoning.",academic|cutting,wit,2,2,composure,,,,,,,,cashInAnnotation|requiresAnnotation,,"{""id"":""wv2-t-finally-answered"",""schoolId"":""thorns"",""slot"":""target"",""tier"":2,""rarity"":""uncommon"",""lane"":""wit"",""cost"":2,""type"":""effect"",""phrase"":""is finally answered, in full."",""tags"":[""academic"",""cutting""],""effect"":{""scaleBy"":""wit"",""base"":2,""multiplier"":2,""damageType"":""composure"",""requiresAnnotation"":true,""cashInAnnotation"":{""damagePerTurn"":5}},""desc"":""REQUIRES an annotation attached. Cast: 4 + Wit comp + 5 × (annotation turns remaining). Exiles the annotation."",""flavor"":""Every footnote has, eventually, a reckoning.""}"
wv2-ann-footnote-credibility,Witch Mountain Bridge,Footnote on its credibility,wit,annotation,annotation,basic,1,2,*[on its credibility],Attach. While attached (3 turns): enemy attacks deal -2 damage.,The footnote does the work the body cannot.,,,,,,,,,,,,,annotationEffect|duration,,"{""id"":""wv2-ann-footnote-credibility"",""slot"":""annotation"",""tier"":1,""rarity"":""basic"",""lane"":""wit"",""cost"":2,""type"":""annotation"",""name"":""Footnote on its credibility"",""phrase"":""*[on its credibility]"",""duration"":3,""annotationEffect"":{""enemyAtkReduction"":2},""desc"":""Attach. While attached (3 turns): enemy attacks deal -2 damage."",""flavor"":""The footnote does the work the body cannot.""}"
wv2-ann-marginalia-posture,Witch Mountain Bridge,Marginalia on its posture,wit,annotation,annotation,common,1,2,*[on its posture],Attach. While attached (3 turns): each card you DRAW deals 1 composure damage.,"The handwriting in the margin is, if anything, ruder than the text.",,,,,,,,,,,,,annotationEffect|duration,,"{""id"":""wv2-ann-marginalia-posture"",""slot"":""annotation"",""tier"":1,""rarity"":""common"",""lane"":""wit"",""cost"":2,""type"":""annotation"",""name"":""Marginalia on its posture"",""phrase"":""*[on its posture]"",""duration"":3,""annotationEffect"":{""damageOnDraw"":1},""desc"":""Attach. While attached (3 turns): each card you DRAW deals 1 composure damage."",""flavor"":""The handwriting in the margin is, if anything, ruder than the text.""}"
wv2-ann-margin-notes,Witch Mountain Bridge,"Margin notes, throughout",wit,annotation,annotation,common,1,2,*[throughout],"Attach. While attached (3 turns): at end of your turn, deal 2 composure damage.","You ran out of margin halfway down. The notes continue, smaller.",,,,,,,,,,,,,annotationEffect|duration,,"{""id"":""wv2-ann-margin-notes"",""slot"":""annotation"",""tier"":1,""rarity"":""common"",""lane"":""wit"",""cost"":2,""type"":""annotation"",""name"":""Margin notes, throughout"",""phrase"":""*[throughout]"",""duration"":3,""annotationEffect"":{""damageOnTurnEnd"":2},""desc"":""Attach. While attached (3 turns): at end of your turn, deal 2 composure damage."",""flavor"":""You ran out of margin halfway down. The notes continue, smaller.""}"
wv2-ann-subtext-italics,Witch Mountain Bridge,"Subtext, in italics",wit,annotation,annotation,uncommon,2,3,*[in italics],Attach. While attached (3 turns): your spells deal +4 composure damage.,The text was already saying it. The italics insist you noticed.,,,,,,,,,,,,,annotationEffect|duration,,"{""id"":""wv2-ann-subtext-italics"",""slot"":""annotation"",""tier"":2,""rarity"":""uncommon"",""lane"":""wit"",""cost"":3,""type"":""annotation"",""name"":""Subtext, in italics"",""phrase"":""*[in italics]"",""duration"":3,""annotationEffect"":{""bonusSpellDamage"":4},""desc"":""Attach. While attached (3 turns): your spells deal +4 composure damage."",""flavor"":""The text was already saying it. The italics insist you noticed.""}"
wv2-ann-read-aloud,Witch Mountain Bridge,"Read aloud, slowly",wit,annotation,annotation,uncommon,2,3,"*[read aloud, slowly]","Attach. While attached (3 turns): at start of your turn, deal 1 composure damage AND gain 1 Energy.","The act of reading them out loud is, mysteriously, energizing.",,,,,,,,,,,,,annotationEffect|duration,,"{""id"":""wv2-ann-read-aloud"",""slot"":""annotation"",""tier"":2,""rarity"":""uncommon"",""lane"":""wit"",""cost"":3,""type"":""annotation"",""name"":""Read aloud, slowly"",""phrase"":""*[read aloud, slowly]"",""duration"":3,""annotationEffect"":{""damageOnTurnStart"":1,""energyOnTurnStart"":1},""desc"":""Attach. While attached (3 turns): at start of your turn, deal 1 composure damage AND gain 1 Energy."",""flavor"":""The act of reading them out loud is, mysteriously, energizing.""}"
wv2-ann-asterisked-concern,Witch Mountain Bridge,Asterisked with concern,wit,annotation,annotation,rare,3,3,*[*],"Attach. While attached (4 turns): whenever enemy attacks, they take 3 composure damage.","Your concern is, technically, written down. The asterisk is doing the wounding.",,,,,,,,,,,,,annotationEffect|duration,,"{""id"":""wv2-ann-asterisked-concern"",""slot"":""annotation"",""tier"":3,""rarity"":""rare"",""lane"":""wit"",""cost"":3,""type"":""annotation"",""name"":""Asterisked with concern"",""phrase"":""*[*]"",""duration"":4,""annotationEffect"":{""damageOnEnemyAttack"":3},""desc"":""Attach. While attached (4 turns): whenever enemy attacks, they take 3 composure damage."",""flavor"":""Your concern is, technically, written down. The asterisk is doing the wounding.""}"
wv2-ann-thesis-expanded,Witch Mountain Bridge,"Thesis, expanded as we go",wit,annotation,annotation,rare,3,3,*[thesis: expanded],Attach. While attached (4 turns): your spells deal +2 composure damage per spell already cast this combat.,The thesis grows. The thesis was already a problem before the growing.,,,,,,,,,,,,,annotationEffect|duration,,"{""id"":""wv2-ann-thesis-expanded"",""slot"":""annotation"",""tier"":3,""rarity"":""rare"",""lane"":""wit"",""cost"":3,""type"":""annotation"",""name"":""Thesis, expanded as we go"",""phrase"":""*[thesis: expanded]"",""duration"":4,""annotationEffect"":{""bonusSpellDamagePerCast"":2},""desc"":""Attach. While attached (4 turns): your spells deal +2 composure damage per spell already cast this combat."",""flavor"":""The thesis grows. The thesis was already a problem before the growing.""}"
wv2-ann-thorned-footnote,Witch Mountain Bridge,Novice Retort,wit,annotation,annotation,common,1,1,*[novice retort],Attach. While attached (3 turns): the Nth swing of any enemy attack deals N composure damage back to the enemy. A 4×3 attack returns 1+2+3+4 = 10 comp.,"Each example, helpfully, is sharper than the last.",,,,,,,,,,,,,annotationEffect|duration,,"{""id"":""wv2-ann-thorned-footnote"",""slot"":""annotation"",""tier"":1,""rarity"":""common"",""lane"":""wit"",""cost"":1,""type"":""annotation"",""name"":""Novice Retort"",""phrase"":""*[novice retort]"",""duration"":3,""annotationEffect"":{""escalatingThorns"":1},""desc"":""Attach. While attached (3 turns): the Nth swing of any enemy attack deals N composure damage back to the enemy. A 4×3 attack returns 1+2+3+4 = 10 comp."",""flavor"":""Each example, helpfully, is sharper than the last.""}"
wv2-k-hewn-greaves-footnotes,Witch Mountain Bridge,"As Hewn-Greaves notes in his footnotes,",wit,skill,skill,uncommon,2,1,"As Hewn-Greaves notes in his footnotes,",Skill. Exhaust. Pick a Word card in hand or discard — that copy gains a permanent +1 wit footnote for the rest of combat. Stacks.,"Citation needed. Citation provided. Citation, you must understand, in the technical sense.",academic,,,,,,,,,,,,,,"{""id"":""wv2-k-hewn-greaves-footnotes"",""slot"":""skill"",""tier"":2,""rarity"":""uncommon"",""lane"":""wit"",""cost"":1,""type"":""skill"",""name"":""As Hewn-Greaves notes in his footnotes,"",""phrase"":""As Hewn-Greaves notes in his footnotes,"",""tags"":[""academic""],""effects"":{""footnotePrompt"":true,""exhaust"":true},""desc"":""Skill. Exhaust. Pick a Word card in hand or discard — that copy gains a permanent +1 wit footnote for the rest of combat. Stacks."",""flavor"":""Citation needed. Citation provided. Citation, you must understand, in the technical sense.""}"
wv2-k-actually,Witch Mountain Bridge,Actually—,wit,skill,skill,uncommon,2,1,Actually—,Skill. Re-fire your last cast this turn at ×1.5 damage. Each play this turn: +1 damage from every enemy attack this turn. Needs a cast.,"Actually being a word that, in wit, recasts the room.",academic,,,,,,,,,,,,,,"{""id"":""wv2-k-actually"",""slot"":""skill"",""tier"":2,""rarity"":""uncommon"",""lane"":""wit"",""cost"":1,""type"":""skill"",""name"":""Actually—"",""phrase"":""Actually—"",""tags"":[""academic""],""effects"":{""refireLastCast"":true},""desc"":""Skill. Re-fire your last cast this turn at ×1.5 damage. Each play this turn: +1 damage from every enemy attack this turn. Needs a cast."",""flavor"":""Actually being a word that, in wit, recasts the room.""}"
wv2-k-hold-on,Witch Mountain Bridge,"Hold on, hold on —",wit,skill,skill,uncommon,2,1,"Hold on, hold on —",Skill. Arm: next enemy swing is reduced by your current Long Thread. Snapshotted on play. Clears when used OR at start of your next turn.,A pause given the same weight as the speech it interrupts.,academic,,,,,,,,,,,,,,"{""id"":""wv2-k-hold-on"",""slot"":""skill"",""tier"":2,""rarity"":""uncommon"",""lane"":""wit"",""cost"":1,""type"":""skill"",""name"":""Hold on, hold on —"",""phrase"":""Hold on, hold on —"",""tags"":[""academic""],""effects"":{""holdOnPrep"":true},""desc"":""Skill. Arm: next enemy swing is reduced by your current Long Thread. Snapshotted on play. Clears when used OR at start of your next turn."",""flavor"":""A pause given the same weight as the speech it interrupts.""}"
wv2-k-word-in-edgewise,Witch Mountain Bridge,Word in Edgewise,wit,skill,skill,uncommon,2,1,Word in Edgewise,"Skill. Until end of next enemy attack: each successive swing deals 1 more damage less (1st full, 2nd -1, 3rd -2, …). Damage caps at 0. Exhaust.",You speak. Between two of theirs.,academic|cutting,,,,,,,,,,,,,,"{""id"":""wv2-k-word-in-edgewise"",""slot"":""skill"",""tier"":2,""rarity"":""uncommon"",""lane"":""wit"",""cost"":1,""type"":""skill"",""name"":""Word in Edgewise"",""phrase"":""Word in Edgewise"",""tags"":[""academic"",""cutting""],""effects"":{""escalatingSwingReduction"":true,""exhaust"":true},""desc"":""Skill. Until end of next enemy attack: each successive swing deals 1 more damage less (1st full, 2nd -1, 3rd -2, …). Damage caps at 0. Exhaust."",""flavor"":""You speak. Between two of theirs.""}"
wv2-t-in-summary,Witch Mountain Bridge,"is, in summary, the inescapable conclusion.",wit,target,effect,rare,3,2,"is, in summary, the inescapable conclusion.",Cast: 8 + Wit×3 comp. +4/Long Thread. Queues a Misstep in 2 turns.,Summary being a polite word for verdict.,academic,wit,6,3,composure,,,,,,,,delayedMisstep|threadScaling,,"{""id"":""wv2-t-in-summary"",""schoolId"":""slowburn"",""slot"":""target"",""tier"":3,""rarity"":""rare"",""lane"":""wit"",""cost"":2,""type"":""effect"",""phrase"":""is, in summary, the inescapable conclusion."",""tags"":[""academic""],""effect"":{""scaleBy"":""wit"",""base"":6,""multiplier"":3,""damageType"":""composure"",""threadScaling"":4,""delayedMisstep"":true},""desc"":""Cast: 8 + Wit×3 comp. +4/Long Thread. Queues a Misstep in 2 turns."",""flavor"":""Summary being a polite word for verdict.""}"
wv2-m-as-previously-stated,Witch Mountain Bridge,Reliable Hearsay,wit,modifier,modifier,uncommon,2,1,"as previously stated,",Stage: this card gains +1 footnote on itself (wit stat → 2 for this cast).,"A modifier that, in the spirit of full disclosure, modifies itself.",academic,,,,,1,,,,,,,addsTag,pre,"{""id"":""wv2-m-as-previously-stated"",""name"":""Reliable Hearsay"",""slot"":""modifier"",""tier"":2,""rarity"":""uncommon"",""lane"":""wit"",""cost"":1,""type"":""modifier"",""modifierKind"":""pre"",""phrase"":""as previously stated,"",""tags"":[""academic""],""stats"":{""wit"":1},""effects"":{""footnoteSelfOnStage"":true},""modifierEffect"":{""addsTag"":""continuing""},""desc"":""Stage: this card gains +1 footnote on itself (wit stat → 2 for this cast)."",""flavor"":""A modifier that, in the spirit of full disclosure, modifies itself.""}"
wv2-s-manner-of-speaking,Witch Mountain Bridge,"your manner of speaking,",wit,subject,word,uncommon,2,1,"your manner of speaking,",+2 wit. Apply vulnerable:1,A subject one returns to with the certainty of an honest critic.,cutting|observational,,,,,2,,,,vulnerable:1,,,,,"{""id"":""wv2-s-manner-of-speaking"",""schoolId"":""slowburn"",""slot"":""subject"",""tier"":2,""rarity"":""uncommon"",""lane"":""wit"",""cost"":1,""type"":""word"",""phrase"":""your manner of speaking,"",""tags"":[""cutting"",""observational""],""stats"":{""wit"":2},""effects"":{""vulnerable"":1},""flavor"":""A subject one returns to with the certainty of an honest critic.""}"
wv2-t-cannot-bear,Witch Mountain Bridge,"that being, of course, the very thing you cannot bear to hear.",wit,target,effect,uncommon,2,2,"that being, of course, the very thing you cannot bear to hear.",Cast: 6 + Wit×3 comp. +4 per staged tag matching the enemy's insult vulnerabilities (max 3 matches).,A flaw named is a flaw amplified.,academic,wit,4,3,composure,,,,,,,,pierceVulnerableInsult,,"{""id"":""wv2-t-cannot-bear"",""schoolId"":""crescendo"",""slot"":""target"",""tier"":2,""rarity"":""uncommon"",""lane"":""wit"",""cost"":2,""type"":""effect"",""phrase"":""that being, of course, the very thing you cannot bear to hear."",""tags"":[""academic""],""effect"":{""scaleBy"":""wit"",""base"":4,""multiplier"":3,""damageType"":""composure"",""pierceVulnerableInsult"":4},""desc"":""Cast: 6 + Wit×3 comp. +4 per staged tag matching the enemy's insult vulnerabilities (max 3 matches)."",""flavor"":""A flaw named is a flaw amplified.""}"
wv2-k-page-mark,Witch Mountain Bridge,Page-Mark,wit,skill,skill,basic,1,1,Page-Mark,Gain 3 Block. Draw 1.,A small triangle. The page knows what it is now.,academic|observational,,,,,,3,1,,,,,,,"{""id"":""wv2-k-page-mark"",""slot"":""skill"",""tier"":1,""rarity"":""basic"",""lane"":""wit"",""cost"":1,""type"":""skill"",""name"":""Page-Mark"",""phrase"":""Page-Mark"",""tags"":[""academic"",""observational""],""effects"":{""block"":3,""draw"":1},""desc"":""Gain 3 Block. Draw 1."",""flavor"":""A small triangle. The page knows what it is now.""}"
wv2-g-throat-clear,Witch Mountain Bridge,Throat-Clear,wit,gesture,gesture,basic,1,1,(clears throat. Audibly.),"Spell fragment: ""(clears throat. Audibly.)""",A polite intervention. They will pause. They will not enjoy it.,observational,,,,,,,,,,,,gestureEffect,,"{""id"":""wv2-g-throat-clear"",""slot"":""gesture"",""tier"":1,""rarity"":""basic"",""lane"":""wit"",""cost"":1,""type"":""gesture"",""name"":""Throat-Clear"",""phrase"":""(clears throat. Audibly.)"",""tags"":[""observational""],""gestureEffect"":{""icon"":""🗣"",""damage"":3,""damageType"":""composure"",""draw"":1,""exhaust"":true},""flavor"":""A polite intervention. They will pause. They will not enjoy it.""}"
wv2-k-where-was-i,Witch Mountain Bridge,Where was I?,wit,skill,skill,common,1,1,Where was I?,Pull a random intro from your deck into your hand. Exhaust.,The opening word. The room is already listening for it.,academic,,,,,,,,,,,,,,"{""id"":""wv2-k-where-was-i"",""slot"":""skill"",""tier"":1,""rarity"":""common"",""lane"":""wit"",""cost"":1,""type"":""skill"",""name"":""Where was I?"",""phrase"":""Where was I?"",""tags"":[""academic""],""effects"":{""tutorSlot"":""intro"",""exhaust"":true},""desc"":""Pull a random intro from your deck into your hand. Exhaust."",""flavor"":""The opening word. The room is already listening for it.""}"
wv2-k-threading-needle,Witch Mountain Bridge,Threading the needle,wit,skill,skill,common,1,1,Threading the needle.,Pull a random subject from your deck into your hand. Exhaust.,The right specifics matter. You go looking.,academic,,,,,,,,,,,,,,"{""id"":""wv2-k-threading-needle"",""slot"":""skill"",""tier"":1,""rarity"":""common"",""lane"":""wit"",""cost"":1,""type"":""skill"",""name"":""Threading the needle"",""phrase"":""Threading the needle."",""tags"":[""academic""],""effects"":{""tutorSlot"":""subject"",""exhaust"":true},""desc"":""Pull a random subject from your deck into your hand. Exhaust."",""flavor"":""The right specifics matter. You go looking.""}"
wv2-k-to-the-point,Witch Mountain Bridge,To the point,wit,skill,skill,common,1,1,To the point.,Pull a random target from your deck into your hand. Exhaust.,The closing word arrives the moment you ask for it.,academic|cutting,,,,,,,,,,,,,,"{""id"":""wv2-k-to-the-point"",""slot"":""skill"",""tier"":1,""rarity"":""common"",""lane"":""wit"",""cost"":1,""type"":""skill"",""name"":""To the point"",""phrase"":""To the point."",""tags"":[""academic"",""cutting""],""effects"":{""tutorSlot"":""target"",""exhaust"":true},""desc"":""Pull a random target from your deck into your hand. Exhaust."",""flavor"":""The closing word arrives the moment you ask for it.""}"
wv2-k-and-another-thing,Witch Mountain Bridge,And Another Thing,wit,skill,skill,common,1,2,And another thing —,Add 2 turns to the active enemy DoT (offensive). Exhaust.,"The list, as it turns out, was not actually finished.",cutting,,,,,,,,,,,,,,"{""id"":""wv2-k-and-another-thing"",""slot"":""skill"",""tier"":1,""rarity"":""common"",""lane"":""wit"",""cost"":2,""type"":""skill"",""name"":""And Another Thing"",""phrase"":""And another thing —"",""tags"":[""cutting""],""effects"":{""extendEnemyDot"":2,""exhaust"":true},""desc"":""Add 2 turns to the active enemy DoT (offensive). Exhaust."",""flavor"":""The list, as it turns out, was not actually finished.""}"
wv2-k-already-thought-of-that,Witch Mountain Bridge,I Already Thought of That,wit,skill,skill,common,1,2,I already thought of that.,Add 2 turns to your active defensive Thorns aura. Exhaust.,Preparation is its own answer.,academic,,,,,,,,,,,,,,"{""id"":""wv2-k-already-thought-of-that"",""slot"":""skill"",""tier"":1,""rarity"":""common"",""lane"":""wit"",""cost"":2,""type"":""skill"",""name"":""I Already Thought of That"",""phrase"":""I already thought of that."",""tags"":[""academic""],""effects"":{""extendSelfThorns"":2,""exhaust"":true},""desc"":""Add 2 turns to your active defensive Thorns aura. Exhaust."",""flavor"":""Preparation is its own answer.""}"
wv2-k-hidden-meaning,Witch Mountain Bridge,Hidden Meaning,wit,skill,skill,common,1,1,There is a hidden meaning here.,Add +2 damage to each remaining tick of the active enemy DoT. Exhaust.,It was always there. They were merely not listening for it.,cutting|observational,,,,,,,,,,,,,,"{""id"":""wv2-k-hidden-meaning"",""slot"":""skill"",""tier"":1,""rarity"":""common"",""lane"":""wit"",""cost"":1,""type"":""skill"",""name"":""Hidden Meaning"",""phrase"":""There is a hidden meaning here."",""tags"":[""cutting"",""observational""],""effects"":{""boostEnemyDot"":2,""exhaust"":true},""desc"":""Add +2 damage to each remaining tick of the active enemy DoT. Exhaust."",""flavor"":""It was always there. They were merely not listening for it.""}"
wv2-k-enhanced-reasoning,Witch Mountain Bridge,Enhanced Reasoning,wit,skill,skill,common,1,1,"My reasoning has, in fact, improved.",Add +2 reflect damage to your active Thorns aura (every remaining tick). Exhaust.,"Reasoning, once enhanced, is difficult to argue with.",academic,,,,,,,,,,,,,,"{""id"":""wv2-k-enhanced-reasoning"",""slot"":""skill"",""tier"":1,""rarity"":""common"",""lane"":""wit"",""cost"":1,""type"":""skill"",""name"":""Enhanced Reasoning"",""phrase"":""My reasoning has, in fact, improved."",""tags"":[""academic""],""effects"":{""boostThornsReflect"":2,""exhaust"":true},""desc"":""Add +2 reflect damage to your active Thorns aura (every remaining tick). Exhaust."",""flavor"":""Reasoning, once enhanced, is difficult to argue with.""}"
wv2-k-you-know-what-i-mean,Witch Mountain Bridge,You Know What I Meant,wit,skill,skill,common,1,2,You know what I meant.,"On your next cast, a half-formed (2-of-3) FFT resolves as the full row. Exhaust.","They do, in fact, know what you mean. They simply will not admit it.",observational,,,,,,,,,,,,,,"{""id"":""wv2-k-you-know-what-i-mean"",""slot"":""skill"",""tier"":1,""rarity"":""common"",""lane"":""wit"",""cost"":2,""type"":""skill"",""name"":""You Know What I Meant"",""phrase"":""You know what I meant."",""tags"":[""observational""],""effects"":{""partialAsFullNextCast"":true,""exhaust"":true},""desc"":""On your next cast, a half-formed (2-of-3) FFT resolves as the full row. Exhaust."",""flavor"":""They do, in fact, know what you mean. They simply will not admit it.""}"
wv2-k-myriad-of-reasons,Witch Mountain Bridge,Myriad of Reasons,wit,skill,skill,common,1,2,A myriad of reasons —,Pull a random intro AND a random subject (from deck or discard) into your hand. Exhaust.,"There is, regrettably, no shortage of them.",academic,,,,,,,,,,,,,,"{""id"":""wv2-k-myriad-of-reasons"",""slot"":""skill"",""tier"":1,""rarity"":""common"",""lane"":""wit"",""cost"":2,""type"":""skill"",""name"":""Myriad of Reasons"",""phrase"":""A myriad of reasons —"",""tags"":[""academic""],""effects"":{""tutorSlots"":[""intro"",""subject""],""exhaust"":true},""desc"":""Pull a random intro AND a random subject (from deck or discard) into your hand. Exhaust."",""flavor"":""There is, regrettably, no shortage of them.""}"
wv2-k-that-goes-for-all-of-you,Witch Mountain Bridge,That Goes For All of You!,wit,skill,skill,common,1,2,That goes for ALL of you!,Your next offensive spell applies to every enemy on the field. Exhaust.,Said in a tone the room remembers later.,demanding,,,,,,,,,,,,,,"{""id"":""wv2-k-that-goes-for-all-of-you"",""slot"":""skill"",""tier"":1,""rarity"":""common"",""lane"":""wit"",""cost"":2,""type"":""skill"",""name"":""That Goes For All of You!"",""phrase"":""That goes for ALL of you!"",""tags"":[""demanding""],""effects"":{""nextSpellApplyToAll"":true,""exhaust"":true},""desc"":""Your next offensive spell applies to every enemy on the field. Exhaust."",""flavor"":""Said in a tone the room remembers later.""}"
wv2-k-blow-to-the-ego,Witch Mountain Bridge,Blow to the Ego,wit,skill,skill,common,1,2,"A blow to the ego, then.",Your next offensive spell deals DOUBLE its DoT damage. Exhaust.,The bruise lasts. The bruise is the point.,cutting,,,,,,,,,,,,,,"{""id"":""wv2-k-blow-to-the-ego"",""slot"":""skill"",""tier"":1,""rarity"":""common"",""lane"":""wit"",""cost"":2,""type"":""skill"",""name"":""Blow to the Ego"",""phrase"":""A blow to the ego, then."",""tags"":[""cutting""],""effects"":{""nextSpellDoubleDot"":true,""exhaust"":true},""desc"":""Your next offensive spell deals DOUBLE its DoT damage. Exhaust."",""flavor"":""The bruise lasts. The bruise is the point.""}"
wv2-k-verbal-smack,Witch Mountain Bridge,Verbal Smack,wit,skill,skill,common,1,2,A verbal smack —,Your next offensive spell deals DOUBLE its initial composure damage. Exhaust.,The smack lands before they've worked out which word did it.,cutting|direct,,,,,,,,,,,,,,"{""id"":""wv2-k-verbal-smack"",""slot"":""skill"",""tier"":1,""rarity"":""common"",""lane"":""wit"",""cost"":2,""type"":""skill"",""name"":""Verbal Smack"",""phrase"":""A verbal smack —"",""tags"":[""cutting"",""direct""],""effects"":{""nextSpellDoubleInitial"":true,""exhaust"":true},""desc"":""Your next offensive spell deals DOUBLE its initial composure damage. Exhaust."",""flavor"":""The smack lands before they've worked out which word did it.""}"
wv2-k-i-wont-hear-of-it,Witch Mountain Bridge,I Won't Hear of It,wit,skill,skill,common,1,2,I won't hear of it.,Your next defensive spell DOUBLES its defensive-DoT amounts. Exhaust.,Refusal as a structural feature.,academic,,,,,,,,,,,,,,"{""id"":""wv2-k-i-wont-hear-of-it"",""slot"":""skill"",""tier"":1,""rarity"":""common"",""lane"":""wit"",""cost"":2,""type"":""skill"",""name"":""I Won't Hear of It"",""phrase"":""I won't hear of it."",""tags"":[""academic""],""effects"":{""nextSpellDoubleDefensive"":true,""exhaust"":true},""desc"":""Your next defensive spell DOUBLES its defensive-DoT amounts. Exhaust."",""flavor"":""Refusal as a structural feature.""}"
wv2-k-solid-argument,Witch Mountain Bridge,Solid Argument,wit,skill,skill,common,1,2,A solid argument is its own shield.,Your next offensive DoT spell ALSO grants you Block per turn matching the DoT schedule. Exhaust.,The wall is the thesis. The thesis is the wall.,academic|observational,,,,,,,,,,,,,,"{""id"":""wv2-k-solid-argument"",""slot"":""skill"",""tier"":1,""rarity"":""common"",""lane"":""wit"",""cost"":2,""type"":""skill"",""name"":""Solid Argument"",""phrase"":""A solid argument is its own shield."",""tags"":[""academic"",""observational""],""effects"":{""nextSpellAddDefensiveDot"":true,""exhaust"":true},""desc"":""Your next offensive DoT spell ALSO grants you Block per turn matching the DoT schedule. Exhaust."",""flavor"":""The wall is the thesis. The thesis is the wall.""}"
wv2-k-to-the-rafters,Witch Mountain Bridge,To the Rafters,wit,skill,skill,uncommon,2,3,To the rafters with it.,Counts as a FFT of a random Crescendo spell in your hand or discard. Exhaust.,The voice carries. You let it.,demanding,,,,,,,,,,,,,,"{""id"":""wv2-k-to-the-rafters"",""slot"":""skill"",""tier"":2,""rarity"":""uncommon"",""lane"":""wit"",""cost"":3,""type"":""skill"",""name"":""To the Rafters"",""phrase"":""To the rafters with it."",""tags"":[""demanding""],""effects"":{""castRandomCrescendoFFT"":true,""exhaust"":true},""desc"":""Counts as a FFT of a random Crescendo spell in your hand or discard. Exhaust."",""flavor"":""The voice carries. You let it.""}"
cv2-l-fish-food,Witch Mountain Bridge,Fish Food,handler,lure,lure,uncommon,2,1,,"Stage. A Salmon arrives next turn and flops for 2 turns. Each turn, 50% chance to attract a predator — usually a bird, sometimes a bear. High risk.",Smells of yesterday. Something downstream has already noticed.,,,,,,,,,,,salmon in 1T,,,,"{""id"":""cv2-l-fish-food"",""name"":""Fish Food"",""cost"":1,""type"":""lure"",""slot"":""lure"",""lane"":""handler"",""rarity"":""uncommon"",""tier"":2,""summon"":{""animalId"":""salmon"",""turnsToArrive"":1},""desc"":""Stage. A Salmon arrives next turn and flops for 2 turns. Each turn, 50% chance to attract a predator — usually a bird, sometimes a bear. High risk."",""flavor"":""Smells of yesterday. Something downstream has already noticed.""}"
cv2-l-birdseed,Witch Mountain Bridge,Birdseed,handler,lure,lure,basic,1,1,,"In 1T, summons a Goose — THE HEAVY HITTER (6 composure/turn for 3 turns). Feeds: birds.",You scatter it like you mean it. The goose was already on its way.,,,,,,,,,,,goose in 1T,bird,,,"{""id"":""cv2-l-birdseed"",""name"":""Birdseed"",""cost"":1,""type"":""lure"",""slot"":""lure"",""lane"":""handler"",""rarity"":""basic"",""tier"":1,""feedKey"":""bird"",""summon"":{""animalId"":""goose"",""turnsToArrive"":1},""desc"":""In 1T, summons a Goose — THE HEAVY HITTER (6 composure/turn for 3 turns). Feeds: birds."",""flavor"":""You scatter it like you mean it. The goose was already on its way.""}"
cv2-l-tender-greens,Witch Mountain Bridge,Tender Greens,handler,lure,lure,basic,1,1,,"In 1T, summons a Field Mouse (the cycler) or a Young Buck (the burst). Feeds: small land animals.","Lettuce, mostly. Whatever turns up will have to make do.",,,,,,,,,,,field-mouse/young-buck in 1T,small-land,,,"{""id"":""cv2-l-tender-greens"",""name"":""Tender Greens"",""cost"":1,""type"":""lure"",""slot"":""lure"",""lane"":""handler"",""rarity"":""basic"",""tier"":1,""feedKey"":""small-land"",""summon"":{""animalIds"":[""field-mouse"",""young-buck""],""turnsToArrive"":1,""summonSet"":""tender-greens""},""desc"":""In 1T, summons a Field Mouse (the cycler) or a Young Buck (the burst). Feeds: small land animals."",""flavor"":""Lettuce, mostly. Whatever turns up will have to make do.""}"
cv2-l-shepherds-whistle,Witch Mountain Bridge,A Shepherd's Whistle,handler,lure,lure,rare,2,1,,"In 1T, summons a Sheepdog (0 attack). Animals in adjacent slots deal +50% — the middle slot reaches both. No feeding needed; replay to extend.","Two short notes. Somewhere, a professional gets to work.",,,,,,,,,,,sheepdog in 1T,,special,,"{""id"":""cv2-l-shepherds-whistle"",""name"":""A Shepherd's Whistle"",""cost"":1,""type"":""lure"",""slot"":""lure"",""lane"":""handler"",""rarity"":""rare"",""tier"":2,""special"":true,""summon"":{""animalId"":""sheepdog"",""turnsToArrive"":1},""desc"":""In 1T, summons a Sheepdog (0 attack). Animals in adjacent slots deal +50% — the middle slot reaches both. No feeding needed; replay to extend."",""flavor"":""Two short notes. Somewhere, a professional gets to work.""}"
cv2-l-curious-noise,Witch Mountain Bridge,A Curious Noise,handler,lure,lure,uncommon,2,1,,"In 1T, summons a Lyrebird. Each turn it copies the attack of the animal to its left (its own 2 otherwise). No feeding needed; replay to extend.",You made a sound once. It has been working on it ever since.,,,,,,,,,,,lyrebird in 1T,,special,,"{""id"":""cv2-l-curious-noise"",""name"":""A Curious Noise"",""cost"":1,""type"":""lure"",""slot"":""lure"",""lane"":""handler"",""rarity"":""uncommon"",""tier"":2,""special"":true,""summon"":{""animalId"":""lyrebird"",""turnsToArrive"":1},""desc"":""In 1T, summons a Lyrebird. Each turn it copies the attack of the animal to its left (its own 2 otherwise). No feeding needed; replay to extend."",""flavor"":""You made a sound once. It has been working on it ever since.""}"
cv2-l-windfall-apple,Witch Mountain Bridge,A Windfall Apple,handler,lure,lure,uncommon,2,1,,"In 1T, summons a Porcupine (0 attack). It absorbs up to 5 damage from each enemy attack and jabs the absorbed amount back as composure. No feeding needed; replay to extend.","Bruised, generous, and entirely beside the point.",,,,,,,,,,,porcupine in 1T,,special,,"{""id"":""cv2-l-windfall-apple"",""name"":""A Windfall Apple"",""cost"":1,""type"":""lure"",""slot"":""lure"",""lane"":""handler"",""rarity"":""uncommon"",""tier"":2,""special"":true,""summon"":{""animalId"":""porcupine"",""turnsToArrive"":1},""desc"":""In 1T, summons a Porcupine (0 attack). It absorbs up to 5 damage from each enemy attack and jabs the absorbed amount back as composure. No feeding needed; replay to extend."",""flavor"":""Bruised, generous, and entirely beside the point.""}"
cv2-l-low-branch,Witch Mountain Bridge,"A Low, Slow Branch",handler,lure,lure,rare,2,1,,"In 3T, summons a Sloth (0 attack). While it hangs around, the enemy acts at half speed — skipping every other turn. Stays 4 turns. No feeding needed; replay to extend.",An invitation with no particular deadline. It will be honoured eventually.,,,,,,,,,,,sloth in 3T,,special,,"{""id"":""cv2-l-low-branch"",""name"":""A Low, Slow Branch"",""cost"":1,""type"":""lure"",""slot"":""lure"",""lane"":""handler"",""rarity"":""rare"",""tier"":2,""special"":true,""summon"":{""animalId"":""sloth"",""turnsToArrive"":3},""desc"":""In 3T, summons a Sloth (0 attack). While it hangs around, the enemy acts at half speed — skipping every other turn. Stays 4 turns. No feeding needed; replay to extend."",""flavor"":""An invitation with no particular deadline. It will be honoured eventually.""}"
cv2-l-stale-crust,Witch Mountain Bridge,A Stale Crust,handler,lure,lure,uncommon,2,1,,"In 1T, summons a Pigeon. Click once a turn to scramble the enemy's intent into a different one. No feeding needed; replay to extend.",It was bread once. The pigeon does not hold this against it.,,,,,,,,,,,pigeon in 1T,,special,,"{""id"":""cv2-l-stale-crust"",""name"":""A Stale Crust"",""cost"":1,""type"":""lure"",""slot"":""lure"",""lane"":""handler"",""rarity"":""uncommon"",""tier"":2,""special"":true,""summon"":{""animalId"":""pigeon"",""turnsToArrive"":1},""desc"":""In 1T, summons a Pigeon. Click once a turn to scramble the enemy's intent into a different one. No feeding needed; replay to extend."",""flavor"":""It was bread once. The pigeon does not hold this against it.""}"
cv2-l-eucalyptus,Witch Mountain Bridge,A Sprig of Eucalyptus,handler,lure,lure,rare,2,1,,"In 1T, summons a Kangaroo. Click and spend 2 energy to duck into the pouch — end your turn, take no damage next turn. No feeding needed; replay to extend.",Smells like somewhere far away with better weather and more kicking.,,,,,,,,,,,kangaroo in 1T,,special,,"{""id"":""cv2-l-eucalyptus"",""name"":""A Sprig of Eucalyptus"",""cost"":1,""type"":""lure"",""slot"":""lure"",""lane"":""handler"",""rarity"":""rare"",""tier"":2,""special"":true,""summon"":{""animalId"":""kangaroo"",""turnsToArrive"":1},""desc"":""In 1T, summons a Kangaroo. Click and spend 2 energy to duck into the pouch — end your turn, take no damage next turn. No feeding needed; replay to extend."",""flavor"":""Smells like somewhere far away with better weather and more kicking.""}"
cv2-l-loose-button,Witch Mountain Bridge,A Loose Button,handler,lure,lure,uncommon,2,1,,"In 1T, summons a Raven — THE ARMOR-STRIP (6 composure/turn for 2 turns; strips 6 enemy Block the turn it leaves). Feeds: birds.","It has been admiring your button. It has, you sense, plans for your button.",,,,,,,,,,,raven in 1T,bird,special,,"{""id"":""cv2-l-loose-button"",""name"":""A Loose Button"",""cost"":1,""type"":""lure"",""slot"":""lure"",""lane"":""handler"",""rarity"":""uncommon"",""tier"":2,""special"":true,""feedKey"":""bird"",""summon"":{""animalId"":""raven"",""turnsToArrive"":1},""desc"":""In 1T, summons a Raven — THE ARMOR-STRIP (6 composure/turn for 2 turns; strips 6 enemy Block the turn it leaves). Feeds: birds."",""flavor"":""It has been admiring your button. It has, you sense, plans for your button.""}"
cv2-l-clover-patch,Witch Mountain Bridge,A Clover Patch,handler,lure,lure,uncommon,2,1,,"In 1T, summons a Rabbit — THE SWARM. Draws a card and goes wide: after 2 turns it spawns a Rabbit in each adjacent empty slot. Feeds: small land animals.","Statistically, one of them is lucky. The rest are just thorough.",,,,,,,,,,,rabbit in 1T,small-land,special,,"{""id"":""cv2-l-clover-patch"",""name"":""A Clover Patch"",""cost"":1,""type"":""lure"",""slot"":""lure"",""lane"":""handler"",""rarity"":""uncommon"",""tier"":2,""special"":true,""feedKey"":""small-land"",""summon"":{""animalId"":""rabbit"",""turnsToArrive"":1},""desc"":""In 1T, summons a Rabbit — THE SWARM. Draws a card and goes wide: after 2 turns it spawns a Rabbit in each adjacent empty slot. Feeds: small land animals."",""flavor"":""Statistically, one of them is lucky. The rest are just thorough.""}"
cv2-l-shiny-bauble,Witch Mountain Bridge,A Shiny Bauble,handler,lure,lure,uncommon,2,1,,"In 1T, summons a Rabid Scrubjay — THE DISRUPTOR. Chips composure, then on exit turns the enemy's next attack back on themselves. Feeds: birds.","It is not valuable. It is, however, extremely shiny, which is most of the way there.",,,,,,,,,,,rabid-scrubjay in 1T,bird,special,,"{""id"":""cv2-l-shiny-bauble"",""name"":""A Shiny Bauble"",""cost"":1,""type"":""lure"",""slot"":""lure"",""lane"":""handler"",""rarity"":""uncommon"",""tier"":2,""special"":true,""feedKey"":""bird"",""summon"":{""animalId"":""rabid-scrubjay"",""turnsToArrive"":1},""desc"":""In 1T, summons a Rabid Scrubjay — THE DISRUPTOR. Chips composure, then on exit turns the enemy's next attack back on themselves. Feeds: birds."",""flavor"":""It is not valuable. It is, however, extremely shiny, which is most of the way there.""}"
cv2-l-bag-of-oats,Witch Mountain Bridge,A Bag of Oats,handler,lure,lure,uncommon,2,1,,"In 1T, summons a Drystone Ox — a keeper. Stays 6 turns, braces for 6 Block each turn, chips 2 composure. Never needs feeding. Strengthen it into a wall.","It is, you are assured, the good oats. The ox will be the judge of that.",,,,,,,,,,,ox in 1T,,special,,"{""id"":""cv2-l-bag-of-oats"",""name"":""A Bag of Oats"",""cost"":1,""type"":""lure"",""slot"":""lure"",""lane"":""handler"",""rarity"":""uncommon"",""tier"":2,""special"":true,""summon"":{""animalId"":""ox"",""turnsToArrive"":1},""desc"":""In 1T, summons a Drystone Ox — a keeper. Stays 6 turns, braces for 6 Block each turn, chips 2 composure. Never needs feeding. Strengthen it into a wall."",""flavor"":""It is, you are assured, the good oats. The ox will be the judge of that.""}"
jv2-i-speaking-of,Witch Mountain Bridge,"Speaking of which,",jnsq,intro,word,basic,1,0,"Speaking of which,",+1 jnsq,You weren't speaking of anything. That's the point.,chaotic|conspiratorial,,,,,1,,,,,,,,,"{""id"":""jv2-i-speaking-of"",""slot"":""intro"",""tier"":1,""rarity"":""basic"",""lane"":""jnsq"",""cost"":0,""type"":""word"",""phrase"":""Speaking of which,"",""tags"":[""chaotic"",""conspiratorial""],""stats"":{""jnsq"":1},""flavor"":""You weren't speaking of anything. That's the point.""}"
jv2-i-astrally,Witch Mountain Bridge,"Astrally,",jnsq,intro,word,basic,1,0,"Astrally,",+1 jnsq. Draw 1,The astral plane is involved. Bring a sweater.,mystical|theatrical,,,,,1,,1,,,,,,,"{""id"":""jv2-i-astrally"",""slot"":""intro"",""tier"":1,""rarity"":""basic"",""lane"":""jnsq"",""cost"":0,""type"":""word"",""phrase"":""Astrally,"",""tags"":[""mystical"",""theatrical""],""stats"":{""jnsq"":1},""effects"":{""draw"":1},""flavor"":""The astral plane is involved. Bring a sweater.""}"
jv2-i-on-a-tuesday,Witch Mountain Bridge,"On a Tuesday,",jnsq,intro,word,basic,1,0,"On a Tuesday,",+1 jnsq,Which Tuesday: any. All. The concept itself.,chaotic|absurd,,,,,1,,,,,,,,,"{""id"":""jv2-i-on-a-tuesday"",""slot"":""intro"",""tier"":1,""rarity"":""basic"",""lane"":""jnsq"",""cost"":0,""type"":""word"",""phrase"":""On a Tuesday,"",""tags"":[""chaotic"",""absurd""],""stats"":{""jnsq"":1},""flavor"":""Which Tuesday: any. All. The concept itself.""}"
jv2-i-now,Witch Mountain Bridge,"Now,",jnsq,intro,word,basic,1,0,"Now,",+1 jnsq,Now is a long time in jnsq.,theatrical|chaotic,,,,,1,,,,,,,,,"{""id"":""jv2-i-now"",""slot"":""intro"",""tier"":1,""rarity"":""basic"",""lane"":""jnsq"",""cost"":0,""type"":""word"",""phrase"":""Now,"",""tags"":[""theatrical"",""chaotic""],""stats"":{""jnsq"":1},""flavor"":""Now is a long time in jnsq.""}"
jv2-i-funny-thing,Witch Mountain Bridge,Funny thing —,jnsq,intro,word,basic,1,2,Funny thing —,+1 jnsq. Apply vulnerable:1,It will not be funny. It will be a thing.,conspiratorial|chaotic,,,,,1,,,,vulnerable:1,,,,,"{""id"":""jv2-i-funny-thing"",""slot"":""intro"",""tier"":1,""rarity"":""basic"",""lane"":""jnsq"",""cost"":2,""type"":""word"",""phrase"":""Funny thing —"",""tags"":[""conspiratorial"",""chaotic""],""stats"":{""jnsq"":1},""effects"":{""vulnerable"":1},""flavor"":""It will not be funny. It will be a thing.""}"
jv2-i-remiss-not-mention,Witch Mountain Bridge,It would be remiss not to mention,jnsq,intro,word,common,1,0,It would be remiss not to mention,+2 jnsq,Remiss being a word from the dictionary nobody uses.,theatrical|conspiratorial,,,,,2,,,,,,,,,"{""id"":""jv2-i-remiss-not-mention"",""slot"":""intro"",""tier"":1,""rarity"":""common"",""lane"":""jnsq"",""cost"":0,""type"":""word"",""phrase"":""It would be remiss not to mention"",""tags"":[""theatrical"",""conspiratorial""],""stats"":{""jnsq"":2},""flavor"":""Remiss being a word from the dictionary nobody uses.""}"
jv2-i-third-moon,Witch Mountain Bridge,The third moon would tell you,jnsq,intro,word,common,1,0,The third moon would tell you,+2 jnsq,There are three. You haven't been paying attention.,mystical|conspiratorial,,,,,2,,,,,,,,,"{""id"":""jv2-i-third-moon"",""slot"":""intro"",""tier"":1,""rarity"":""common"",""lane"":""jnsq"",""cost"":0,""type"":""word"",""phrase"":""The third moon would tell you"",""tags"":[""mystical"",""conspiratorial""],""stats"":{""jnsq"":2},""flavor"":""There are three. You haven't been paying attention.""}"
jv2-i-speaking-of-nine,Witch Mountain Bridge,"Speaking of nine, which I was,",jnsq,intro,word,common,1,0,"Speaking of nine, which I was,",+2 jnsq,You weren't. You also haven't been speaking. Doesn't matter.,chaotic|absurd,,,,,2,,,,,,,,,"{""id"":""jv2-i-speaking-of-nine"",""slot"":""intro"",""tier"":1,""rarity"":""common"",""lane"":""jnsq"",""cost"":0,""type"":""word"",""phrase"":""Speaking of nine, which I was,"",""tags"":[""chaotic"",""absurd""],""stats"":{""jnsq"":2},""flavor"":""You weren't. You also haven't been speaking. Doesn't matter.""}"
jv2-i-trace-orbit,Witch Mountain Bridge,"If you trace the orbit,",jnsq,intro,word,common,1,0,"If you trace the orbit,",+2 jnsq,"Orbit being a verb, in the right dialect.",mystical|theatrical,,,,,2,,,,,,,,,"{""id"":""jv2-i-trace-orbit"",""slot"":""intro"",""tier"":1,""rarity"":""common"",""lane"":""jnsq"",""cost"":0,""type"":""word"",""phrase"":""If you trace the orbit,"",""tags"":[""mystical"",""theatrical""],""stats"":{""jnsq"":2},""flavor"":""Orbit being a verb, in the right dialect.""}"
jv2-i-not-saying-lentils,Witch Mountain Bridge,"Now I'm not saying it was the lentils,",jnsq,intro,word,common,1,0,"Now I'm not saying it was the lentils,",+2 jnsq. Draw 1,But.,conspiratorial|absurd,,,,,2,,1,,,,,,,"{""id"":""jv2-i-not-saying-lentils"",""slot"":""intro"",""tier"":1,""rarity"":""common"",""lane"":""jnsq"",""cost"":0,""type"":""word"",""phrase"":""Now I'm not saying it was the lentils,"",""tags"":[""conspiratorial"",""absurd""],""stats"":{""jnsq"":2},""effects"":{""draw"":1},""flavor"":""But.""}"
jv2-i-between-you-void,Witch Mountain Bridge,"Between you and the void,",jnsq,intro,word,common,1,0,"Between you and the void,",+2 jnsq,Two parties. One participant.,mystical|theatrical,,,,,2,,,,,,,,,"{""id"":""jv2-i-between-you-void"",""slot"":""intro"",""tier"":1,""rarity"":""common"",""lane"":""jnsq"",""cost"":0,""type"":""word"",""phrase"":""Between you and the void,"",""tags"":[""mystical"",""theatrical""],""stats"":{""jnsq"":2},""flavor"":""Two parties. One participant.""}"
jv2-i-morning-side,Witch Mountain Bridge,"On the morning side of yesterday,",jnsq,intro,word,common,1,0,"On the morning side of yesterday,",+2 jnsq,"Yesterday has, on inspection, sides. This is the one.",chaotic|mystical,,,,,2,,,,,,,,,"{""id"":""jv2-i-morning-side"",""slot"":""intro"",""tier"":1,""rarity"":""common"",""lane"":""jnsq"",""cost"":0,""type"":""word"",""phrase"":""On the morning side of yesterday,"",""tags"":[""chaotic"",""mystical""],""stats"":{""jnsq"":2},""flavor"":""Yesterday has, on inspection, sides. This is the one.""}"
jv2-i-birds-arent-real,Witch Mountain Bridge,"If we agree that birds aren't real,",jnsq,intro,word,common,1,0,"If we agree that birds aren't real,",+2 jnsq,The if is the only honest part.,conspiratorial|absurd,,,,,2,,,,,,,,,"{""id"":""jv2-i-birds-arent-real"",""slot"":""intro"",""tier"":1,""rarity"":""common"",""lane"":""jnsq"",""cost"":0,""type"":""word"",""phrase"":""If we agree that birds aren't real,"",""tags"":[""conspiratorial"",""absurd""],""stats"":{""jnsq"":2},""flavor"":""The if is the only honest part.""}"
jv2-i-cat-standards,Witch Mountain Bridge,"By the standards of the cat,",jnsq,intro,word,common,1,0,"By the standards of the cat,",+2 jnsq,"The cat has standards. The cat has, in fact, only standards.",mystical|absurd,,,,,2,,,,,,,,,"{""id"":""jv2-i-cat-standards"",""slot"":""intro"",""tier"":1,""rarity"":""common"",""lane"":""jnsq"",""cost"":0,""type"":""word"",""phrase"":""By the standards of the cat,"",""tags"":[""mystical"",""absurd""],""stats"":{""jnsq"":2},""flavor"":""The cat has standards. The cat has, in fact, only standards.""}"
jv2-i-certain-angle,Witch Mountain Bridge,"From a certain angle,",jnsq,intro,word,common,1,0,"From a certain angle,",+2 jnsq,"Angles are involved. Geometry, for once, agrees.",theatrical|chaotic,,,,,2,,,,,,,,,"{""id"":""jv2-i-certain-angle"",""slot"":""intro"",""tier"":1,""rarity"":""common"",""lane"":""jnsq"",""cost"":0,""type"":""word"",""phrase"":""From a certain angle,"",""tags"":[""theatrical"",""chaotic""],""stats"":{""jnsq"":2},""flavor"":""Angles are involved. Geometry, for once, agrees.""}"
jv2-i-backwards-keyhole,Witch Mountain Bridge,"Backwards through the keyhole,",jnsq,intro,word,common,1,0,"Backwards through the keyhole,",+2 jnsq,Forwards being the way ordinary people go.,theatrical|absurd,,,,,2,,,,,,,,,"{""id"":""jv2-i-backwards-keyhole"",""slot"":""intro"",""tier"":1,""rarity"":""common"",""lane"":""jnsq"",""cost"":0,""type"":""word"",""phrase"":""Backwards through the keyhole,"",""tags"":[""theatrical"",""absurd""],""stats"":{""jnsq"":2},""flavor"":""Forwards being the way ordinary people go.""}"
jv2-i-walk-with-me,Witch Mountain Bridge,Walk with me on this:,jnsq,intro,word,common,1,0,Walk with me on this:,+2 jnsq. Block 2,"Walking being, here, a metaphor for staying very still.",conspiratorial|theatrical,,,,,2,2,,,,,,,,"{""id"":""jv2-i-walk-with-me"",""slot"":""intro"",""tier"":1,""rarity"":""common"",""lane"":""jnsq"",""cost"":0,""type"":""word"",""phrase"":""Walk with me on this:"",""tags"":[""conspiratorial"",""theatrical""],""stats"":{""jnsq"":2},""effects"":{""block"":2},""flavor"":""Walking being, here, a metaphor for staying very still.""}"
jv2-i-seventh-nothing,Witch Mountain Bridge,"It is, of course, the seventh of nothing,",jnsq,intro,word,uncommon,2,1,"It is, of course, the seventh of nothing,",+3 jnsq,The of course doing most of the heavy lifting.,mystical|absurd,,,,,3,,,,,,,,,"{""id"":""jv2-i-seventh-nothing"",""slot"":""intro"",""tier"":2,""rarity"":""uncommon"",""lane"":""jnsq"",""cost"":1,""type"":""word"",""phrase"":""It is, of course, the seventh of nothing,"",""tags"":[""mystical"",""absurd""],""stats"":{""jnsq"":3},""flavor"":""The of course doing most of the heavy lifting.""}"
jv2-i-momentary-tangent,Witch Mountain Bridge,"If you'd permit me a momentary tangent and a hat,",jnsq,intro,word,uncommon,2,1,"If you'd permit me a momentary tangent and a hat,",+3 jnsq,The hat will come later. Or earlier. Recently.,theatrical|chaotic,,,,,3,,,,,,,,,"{""id"":""jv2-i-momentary-tangent"",""slot"":""intro"",""tier"":2,""rarity"":""uncommon"",""lane"":""jnsq"",""cost"":1,""type"":""word"",""phrase"":""If you'd permit me a momentary tangent and a hat,"",""tags"":[""theatrical"",""chaotic""],""stats"":{""jnsq"":3},""flavor"":""The hat will come later. Or earlier. Recently.""}"
jv2-i-read-in-dream,Witch Mountain Bridge,"I read this in a dream and I'm pretty sure it counts,",jnsq,intro,word,uncommon,2,1,"I read this in a dream and I'm pretty sure it counts,",+3 jnsq,The dream had footnotes. The footnotes had footnotes. It was a thorough dream.,conspiratorial|mystical,,,,,3,,,,,,,,,"{""id"":""jv2-i-read-in-dream"",""slot"":""intro"",""tier"":2,""rarity"":""uncommon"",""lane"":""jnsq"",""cost"":1,""type"":""word"",""phrase"":""I read this in a dream and I'm pretty sure it counts,"",""tags"":[""conspiratorial"",""mystical""],""stats"":{""jnsq"":3},""flavor"":""The dream had footnotes. The footnotes had footnotes. It was a thorough dream.""}"
jv2-i-horse-knows,Witch Mountain Bridge,"Now imagine, if you will, a horse that knows it's a horse,",jnsq,intro,word,uncommon,2,1,"Now imagine, if you will, a horse that knows it's a horse,",+3 jnsq,The horse is incidental. The knowing is the verb.,theatrical|absurd,,,,,3,,,,,,,,,"{""id"":""jv2-i-horse-knows"",""slot"":""intro"",""tier"":2,""rarity"":""uncommon"",""lane"":""jnsq"",""cost"":1,""type"":""word"",""phrase"":""Now imagine, if you will, a horse that knows it's a horse,"",""tags"":[""theatrical"",""absurd""],""stats"":{""jnsq"":3},""flavor"":""The horse is incidental. The knowing is the verb.""}"
jv2-i-dont-ask-how-i-know,Witch Mountain Bridge,Look — and don't ask me how I know this —,jnsq,intro,word,uncommon,2,1,Look — and don't ask me how I know this —,+3 jnsq,"The answer to how is, often, the lentils. We don't discuss the lentils.",conspiratorial|theatrical,,,,,3,,,,,,,,,"{""id"":""jv2-i-dont-ask-how-i-know"",""slot"":""intro"",""tier"":2,""rarity"":""uncommon"",""lane"":""jnsq"",""cost"":1,""type"":""word"",""phrase"":""Look — and don't ask me how I know this —"",""tags"":[""conspiratorial"",""theatrical""],""stats"":{""jnsq"":3},""flavor"":""The answer to how is, often, the lentils. We don't discuss the lentils.""}"
jv2-i-three-tuesdays-locally,Witch Mountain Bridge,"Three Tuesdays ago, but only locally,",jnsq,intro,word,uncommon,2,1,"Three Tuesdays ago, but only locally,",+3 jnsq,"The locally is doing all the work. Globally, no Tuesdays.",chaotic|mystical,,,,,3,,,,,,,,,"{""id"":""jv2-i-three-tuesdays-locally"",""slot"":""intro"",""tier"":2,""rarity"":""uncommon"",""lane"":""jnsq"",""cost"":1,""type"":""word"",""phrase"":""Three Tuesdays ago, but only locally,"",""tags"":[""chaotic"",""mystical""],""stats"":{""jnsq"":3},""flavor"":""The locally is doing all the work. Globally, no Tuesdays.""}"
jv2-i-kitchen-sacred,Witch Mountain Bridge,"By the slow rotation of the kitchen, which is sacred,",jnsq,intro,word,rare,3,1,"By the slow rotation of the kitchen, which is sacred,",+4 jnsq,The kitchen has been rotating since you arrived. Slowly. Nobody else noticed.,mystical|conspiratorial|theatrical,,,,,4,,,,,,,,,"{""id"":""jv2-i-kitchen-sacred"",""slot"":""intro"",""tier"":3,""rarity"":""rare"",""lane"":""jnsq"",""cost"":1,""type"":""word"",""phrase"":""By the slow rotation of the kitchen, which is sacred,"",""tags"":[""mystical"",""conspiratorial"",""theatrical""],""stats"":{""jnsq"":4},""flavor"":""The kitchen has been rotating since you arrived. Slowly. Nobody else noticed.""}"
jv2-i-moon-disagrees,Witch Mountain Bridge,"And here's the part where the moon usually disagrees with me, but —",jnsq,intro,word,rare,3,1,"And here's the part where the moon usually disagrees with me, but —",+4 jnsq,"The moon has, today, been overruled.",mystical|theatrical,,,,,4,,,,,,,,,"{""id"":""jv2-i-moon-disagrees"",""slot"":""intro"",""tier"":3,""rarity"":""rare"",""lane"":""jnsq"",""cost"":1,""type"":""word"",""phrase"":""And here's the part where the moon usually disagrees with me, but —"",""tags"":[""mystical"",""theatrical""],""stats"":{""jnsq"":4},""flavor"":""The moon has, today, been overruled.""}"
jv2-i-feeling-about-this,Witch Mountain Bridge,I have a feeling about this —,jnsq,intro,word,common,1,0,I have a feeling about this —,"If chaos roll lands 1 or 2 on this cast, reroll once.",The feeling is mostly right. Mostly.,conspiratorial|mystical,,,,,2,,,,,,,diceReroll,,"{""id"":""jv2-i-feeling-about-this"",""slot"":""intro"",""tier"":1,""rarity"":""common"",""lane"":""jnsq"",""cost"":0,""type"":""word"",""phrase"":""I have a feeling about this —"",""tags"":[""conspiratorial"",""mystical""],""stats"":{""jnsq"":2},""diceReroll"":{""onResults"":[1,2]},""desc"":""If chaos roll lands 1 or 2 on this cast, reroll once."",""flavor"":""The feeling is mostly right. Mostly.""}"
jv2-s-your-aura,Witch Mountain Bridge,your aura,jnsq,subject,word,basic,1,0,your aura,+1 jnsq,The aura is doing things. We will discuss what.,mystical,,,,,1,,,,,,,,,"{""id"":""jv2-s-your-aura"",""slot"":""subject"",""tier"":1,""rarity"":""basic"",""lane"":""jnsq"",""cost"":0,""type"":""word"",""phrase"":""your aura"",""tags"":[""mystical""],""stats"":{""jnsq"":1},""flavor"":""The aura is doing things. We will discuss what.""}"
jv2-s-the-moon,Witch Mountain Bridge,the moon,jnsq,subject,word,basic,1,0,the moon,+1 jnsq,The moon is involved. The moon is always involved.,mystical|theatrical,,,,,1,,,,,,,,,"{""id"":""jv2-s-the-moon"",""slot"":""subject"",""tier"":1,""rarity"":""basic"",""lane"":""jnsq"",""cost"":0,""type"":""word"",""phrase"":""the moon"",""tags"":[""mystical"",""theatrical""],""stats"":{""jnsq"":1},""flavor"":""The moon is involved. The moon is always involved.""}"
jv2-s-this-afternoon,Witch Mountain Bridge,this whole afternoon,jnsq,subject,word,basic,1,0,this whole afternoon,+1 jnsq,"Afternoons being, in jnsq, structurally suspect.",chaotic,,,,,1,,,,,,,,,"{""id"":""jv2-s-this-afternoon"",""slot"":""subject"",""tier"":1,""rarity"":""basic"",""lane"":""jnsq"",""cost"":0,""type"":""word"",""phrase"":""this whole afternoon"",""tags"":[""chaotic""],""stats"":{""jnsq"":1},""flavor"":""Afternoons being, in jnsq, structurally suspect.""}"
jv2-s-the-rug,Witch Mountain Bridge,the rug,jnsq,subject,word,basic,1,0,the rug,+1 jnsq. Block 2,The rug knows what it did.,absurd|theatrical,,,,,1,2,,,,,,,,"{""id"":""jv2-s-the-rug"",""slot"":""subject"",""tier"":1,""rarity"":""basic"",""lane"":""jnsq"",""cost"":0,""type"":""word"",""phrase"":""the rug"",""tags"":[""absurd"",""theatrical""],""stats"":{""jnsq"":1},""effects"":{""block"":2},""flavor"":""The rug knows what it did.""}"
jv2-s-the-situation,Witch Mountain Bridge,the situation,jnsq,subject,word,basic,1,0,the situation,+1 jnsq,Said with the gravity of a man who reads paint labels.,conspiratorial|theatrical,,,,,1,,,,,,,,,"{""id"":""jv2-s-the-situation"",""slot"":""subject"",""tier"":1,""rarity"":""basic"",""lane"":""jnsq"",""cost"":0,""type"":""word"",""phrase"":""the situation"",""tags"":[""conspiratorial"",""theatrical""],""stats"":{""jnsq"":1},""flavor"":""Said with the gravity of a man who reads paint labels.""}"
jv2-s-third-cousin,Witch Mountain Bridge,the third cousin of your argument,jnsq,subject,word,common,1,0,the third cousin of your argument,+2 jnsq,Family resemblance is light. The reasoning was at a different wedding.,chaotic|conspiratorial,,,,,2,,,,,,,,,"{""id"":""jv2-s-third-cousin"",""slot"":""subject"",""tier"":1,""rarity"":""common"",""lane"":""jnsq"",""cost"":0,""type"":""word"",""phrase"":""the third cousin of your argument"",""tags"":[""chaotic"",""conspiratorial""],""stats"":{""jnsq"":2},""flavor"":""Family resemblance is light. The reasoning was at a different wedding.""}"
jv2-s-your-timing,Witch Mountain Bridge,your timing,jnsq,subject,word,common,1,0,your timing,+2 jnsq,Timing being a measurement only loosely related to clocks.,mystical|theatrical,,,,,2,,,,,,,,,"{""id"":""jv2-s-your-timing"",""slot"":""subject"",""tier"":1,""rarity"":""common"",""lane"":""jnsq"",""cost"":0,""type"":""word"",""phrase"":""your timing"",""tags"":[""mystical"",""theatrical""],""stats"":{""jnsq"":2},""flavor"":""Timing being a measurement only loosely related to clocks.""}"
jv2-s-the-calendar,Witch Mountain Bridge,the calendar,jnsq,subject,word,common,1,0,the calendar,+2 jnsq,The calendar has opinions. They are not your opinions.,mystical|absurd,,,,,2,,,,,,,,,"{""id"":""jv2-s-the-calendar"",""slot"":""subject"",""tier"":1,""rarity"":""common"",""lane"":""jnsq"",""cost"":0,""type"":""word"",""phrase"":""the calendar"",""tags"":[""mystical"",""absurd""],""stats"":{""jnsq"":2},""flavor"":""The calendar has opinions. They are not your opinions.""}"
jv2-s-face-that-lies,Witch Mountain Bridge,the part of your face that lies,jnsq,subject,word,common,1,0,the part of your face that lies,+2 jnsq,That part. The other parts may be considered later.,theatrical|absurd,,,,,2,,,,,,,,,"{""id"":""jv2-s-face-that-lies"",""slot"":""subject"",""tier"":1,""rarity"":""common"",""lane"":""jnsq"",""cost"":0,""type"":""word"",""phrase"":""the part of your face that lies"",""tags"":[""theatrical"",""absurd""],""stats"":{""jnsq"":2},""flavor"":""That part. The other parts may be considered later.""}"
jv2-s-this-month-concept,Witch Mountain Bridge,"this entire month, as a concept",jnsq,subject,word,common,1,0,"this entire month, as a concept",+2 jnsq,Concepts being negotiable. Months less so. The combination: unstable.,mystical|theatrical,,,,,2,,,,,,,,,"{""id"":""jv2-s-this-month-concept"",""slot"":""subject"",""tier"":1,""rarity"":""common"",""lane"":""jnsq"",""cost"":0,""type"":""word"",""phrase"":""this entire month, as a concept"",""tags"":[""mystical"",""theatrical""],""stats"":{""jnsq"":2},""flavor"":""Concepts being negotiable. Months less so. The combination: unstable.""}"
jv2-s-small-mistakes-shadow,Witch Mountain Bridge,the small mistakes your shadow keeps making,jnsq,subject,word,common,1,0,the small mistakes your shadow keeps making,+2 jnsq,Your shadow has been busy. We've been keeping track.,mystical|conspiratorial,,,,,2,,,,,,,,,"{""id"":""jv2-s-small-mistakes-shadow"",""slot"":""subject"",""tier"":1,""rarity"":""common"",""lane"":""jnsq"",""cost"":0,""type"":""word"",""phrase"":""the small mistakes your shadow keeps making"",""tags"":[""mystical"",""conspiratorial""],""stats"":{""jnsq"":2},""flavor"":""Your shadow has been busy. We've been keeping track.""}"
jv2-s-ambient-noise,Witch Mountain Bridge,the ambient noise you've been generating,jnsq,subject,word,common,1,0,the ambient noise you've been generating,+2 jnsq,Generating being a verb of involuntary production.,theatrical,,,,,2,,,,,,,,,"{""id"":""jv2-s-ambient-noise"",""slot"":""subject"",""tier"":1,""rarity"":""common"",""lane"":""jnsq"",""cost"":0,""type"":""word"",""phrase"":""the ambient noise you've been generating"",""tags"":[""theatrical""],""stats"":{""jnsq"":2},""flavor"":""Generating being a verb of involuntary production.""}"
jv2-s-hands-admitting,Witch Mountain Bridge,what your hands have been admitting,jnsq,subject,word,common,1,0,what your hands have been admitting,+2 jnsq,"The hands have, in private, said too much.",conspiratorial|mystical,,,,,2,,,,,,,,,"{""id"":""jv2-s-hands-admitting"",""slot"":""subject"",""tier"":1,""rarity"":""common"",""lane"":""jnsq"",""cost"":0,""type"":""word"",""phrase"":""what your hands have been admitting"",""tags"":[""conspiratorial"",""mystical""],""stats"":{""jnsq"":2},""flavor"":""The hands have, in private, said too much.""}"
jv2-s-cosmic-ledger,Witch Mountain Bridge,the cosmic ledger,jnsq,subject,word,common,1,0,the cosmic ledger,+2 jnsq,The ledger exists. It is large. You are in it.,mystical|conspiratorial,,,,,2,,,,,,,,,"{""id"":""jv2-s-cosmic-ledger"",""slot"":""subject"",""tier"":1,""rarity"":""common"",""lane"":""jnsq"",""cost"":0,""type"":""word"",""phrase"":""the cosmic ledger"",""tags"":[""mystical"",""conspiratorial""],""stats"":{""jnsq"":2},""flavor"":""The ledger exists. It is large. You are in it.""}"
jv2-s-yesterday-version,Witch Mountain Bridge,yesterday's version of you,jnsq,subject,word,common,1,0,yesterday's version of you,+2 jnsq,"Yesterday's was, frankly, taller. We don't talk about this in public.",chaotic|mystical,,,,,2,,,,,,,,,"{""id"":""jv2-s-yesterday-version"",""slot"":""subject"",""tier"":1,""rarity"":""common"",""lane"":""jnsq"",""cost"":0,""type"":""word"",""phrase"":""yesterday's version of you"",""tags"":[""chaotic"",""mystical""],""stats"":{""jnsq"":2},""flavor"":""Yesterday's was, frankly, taller. We don't talk about this in public.""}"
jv2-s-walk-into-rooms,Witch Mountain Bridge,the way you walk into rooms,jnsq,subject,word,common,1,0,the way you walk into rooms,+2 jnsq,Walking being a martial art with practitioners and amateurs.,theatrical|absurd,,,,,2,,,,,,,,,"{""id"":""jv2-s-walk-into-rooms"",""slot"":""subject"",""tier"":1,""rarity"":""common"",""lane"":""jnsq"",""cost"":0,""type"":""word"",""phrase"":""the way you walk into rooms"",""tags"":[""theatrical"",""absurd""],""stats"":{""jnsq"":2},""flavor"":""Walking being a martial art with practitioners and amateurs.""}"
jv2-s-eyebrows-say,Witch Mountain Bridge,the things your eyebrows say,jnsq,subject,word,common,1,0,the things your eyebrows say,+2 jnsq,The eyebrows have been editorial. The page count is climbing.,theatrical|absurd,,,,,2,,,,,,,,,"{""id"":""jv2-s-eyebrows-say"",""slot"":""subject"",""tier"":1,""rarity"":""common"",""lane"":""jnsq"",""cost"":0,""type"":""word"",""phrase"":""the things your eyebrows say"",""tags"":[""theatrical"",""absurd""],""stats"":{""jnsq"":2},""flavor"":""The eyebrows have been editorial. The page count is climbing.""}"
jv2-s-sideways-situation,Witch Mountain Bridge,this whole sideways situation,jnsq,subject,word,uncommon,2,1,this whole sideways situation,+3 jnsq,Sideways being the geometry of the truly committed.,chaotic|mystical,,,,,3,,,,,,,tierWildcard,,"{""id"":""jv2-s-sideways-situation"",""slot"":""subject"",""tier"":2,""rarity"":""uncommon"",""lane"":""jnsq"",""cost"":1,""type"":""word"",""phrase"":""this whole sideways situation"",""tags"":[""chaotic"",""mystical""],""stats"":{""jnsq"":3},""tierWildcard"":true,""flavor"":""Sideways being the geometry of the truly committed.""}"
jv2-s-next-thing-youll-do,Witch Mountain Bridge,the next thing you'll do,jnsq,subject,word,uncommon,2,1,the next thing you'll do,+3 jnsq,"The next thing being not, perhaps, the thing you intended.",conspiratorial|mystical,,,,,3,,,,,,,,,"{""id"":""jv2-s-next-thing-youll-do"",""slot"":""subject"",""tier"":2,""rarity"":""uncommon"",""lane"":""jnsq"",""cost"":1,""type"":""word"",""phrase"":""the next thing you'll do"",""tags"":[""conspiratorial"",""mystical""],""stats"":{""jnsq"":3},""effects"":{""revealNextIntent"":1},""flavor"":""The next thing being not, perhaps, the thing you intended.""}"
jv2-s-small-dog,Witch Mountain Bridge,the very small dog of your reasoning,jnsq,subject,word,uncommon,2,1,the very small dog of your reasoning,+3 jnsq,"Small dogs are dogs. Reasoning, less reliably.",absurd|chaotic,,,,,3,,,,,,,,,"{""id"":""jv2-s-small-dog"",""slot"":""subject"",""tier"":2,""rarity"":""uncommon"",""lane"":""jnsq"",""cost"":1,""type"":""word"",""phrase"":""the very small dog of your reasoning"",""tags"":[""absurd"",""chaotic""],""stats"":{""jnsq"":3},""flavor"":""Small dogs are dogs. Reasoning, less reliably.""}"
jv2-s-slow-song-subconscious,Witch Mountain Bridge,the slow song your subconscious has been humming,jnsq,subject,word,uncommon,2,1,the slow song your subconscious has been humming,+3 jnsq,The song has lyrics. The lyrics are about the subject. Not flatteringly.,mystical|theatrical,,,,,3,,,,,,,,,"{""id"":""jv2-s-slow-song-subconscious"",""slot"":""subject"",""tier"":2,""rarity"":""uncommon"",""lane"":""jnsq"",""cost"":1,""type"":""word"",""phrase"":""the slow song your subconscious has been humming"",""tags"":[""mystical"",""theatrical""],""stats"":{""jnsq"":3},""flavor"":""The song has lyrics. The lyrics are about the subject. Not flatteringly.""}"
jv2-s-patient-stupidity,Witch Mountain Bridge,the patient stupidity of the moment,jnsq,subject,word,uncommon,2,1,the patient stupidity of the moment,+3 jnsq,"Patient because it has, frankly, all night.",chaotic|theatrical,,,,,3,,,,,,,,,"{""id"":""jv2-s-patient-stupidity"",""slot"":""subject"",""tier"":2,""rarity"":""uncommon"",""lane"":""jnsq"",""cost"":1,""type"":""word"",""phrase"":""the patient stupidity of the moment"",""tags"":[""chaotic"",""theatrical""],""stats"":{""jnsq"":3},""flavor"":""Patient because it has, frankly, all night.""}"
jv2-s-seven-curtains,Witch Mountain Bridge,the seven hidden assumptions of the curtains,jnsq,subject,word,uncommon,2,1,the seven hidden assumptions of the curtains,+3 jnsq,The curtains know. The curtains have always known.,mystical|absurd|conspiratorial,,,,,3,,,,,,,,,"{""id"":""jv2-s-seven-curtains"",""slot"":""subject"",""tier"":2,""rarity"":""uncommon"",""lane"":""jnsq"",""cost"":1,""type"":""word"",""phrase"":""the seven hidden assumptions of the curtains"",""tags"":[""mystical"",""absurd"",""conspiratorial""],""stats"":{""jnsq"":3},""flavor"":""The curtains know. The curtains have always known.""}"
jv2-s-fate-wrong-invoice,Witch Mountain Bridge,the way your fate keeps showing up on the wrong invoice,jnsq,subject,word,uncommon,2,1,the way your fate keeps showing up on the wrong invoice,+3 jnsq,Fate has been miscoded. Accounting has been informed. Accounting does not care.,mystical|chaotic,,,,,3,,,,,,,,,"{""id"":""jv2-s-fate-wrong-invoice"",""slot"":""subject"",""tier"":2,""rarity"":""uncommon"",""lane"":""jnsq"",""cost"":1,""type"":""word"",""phrase"":""the way your fate keeps showing up on the wrong invoice"",""tags"":[""mystical"",""chaotic""],""stats"":{""jnsq"":3},""flavor"":""Fate has been miscoded. Accounting has been informed. Accounting does not care.""}"
jv2-s-not-having-yet,Witch Mountain Bridge,the conversation we're not having yet but will,jnsq,subject,word,uncommon,2,1,the conversation we're not having yet but will,+3 jnsq,The future tense is the only honest one available.,conspiratorial|theatrical,,,,,3,,,,,,,,,"{""id"":""jv2-s-not-having-yet"",""slot"":""subject"",""tier"":2,""rarity"":""uncommon"",""lane"":""jnsq"",""cost"":1,""type"":""word"",""phrase"":""the conversation we're not having yet but will"",""tags"":[""conspiratorial"",""theatrical""],""stats"":{""jnsq"":3},""flavor"":""The future tense is the only honest one available.""}"
jv2-s-geometric-impossibility,Witch Mountain Bridge,"the geometric impossibility of you, right now, here, in this configuration",jnsq,subject,word,rare,3,1,"the geometric impossibility of you, right now, here, in this configuration",+4 jnsq,"Geometry, like the bouncer, has been called.",mystical|theatrical|absurd,,,,,4,,,,,,,,,"{""id"":""jv2-s-geometric-impossibility"",""slot"":""subject"",""tier"":3,""rarity"":""rare"",""lane"":""jnsq"",""cost"":1,""type"":""word"",""phrase"":""the geometric impossibility of you, right now, here, in this configuration"",""tags"":[""mystical"",""theatrical"",""absurd""],""stats"":{""jnsq"":4},""flavor"":""Geometry, like the bouncer, has been called.""}"
jv2-s-universe-preparing-mention,Witch Mountain Bridge,everything the universe has been very patiently preparing to mention,jnsq,subject,word,rare,3,1,everything the universe has been very patiently preparing to mention,+4 jnsq,Patience having an end. This end is approximately now.,mystical|conspiratorial|theatrical,,,,,4,,,,,,,,,"{""id"":""jv2-s-universe-preparing-mention"",""slot"":""subject"",""tier"":3,""rarity"":""rare"",""lane"":""jnsq"",""cost"":1,""type"":""word"",""phrase"":""everything the universe has been very patiently preparing to mention"",""tags"":[""mystical"",""conspiratorial"",""theatrical""],""stats"":{""jnsq"":4},""flavor"":""Patience having an end. This end is approximately now.""}"
jv2-t-the-vibe-is-off,Witch Mountain Bridge,the vibe is off.,jnsq,target,effect,basic,1,1,the vibe is off.,"Spell fragment: ""the vibe is off.""",Cannot be argued with. Can be felt.,absurd|chaotic,jnsq,4,3,composure,,,,,,,,,,"{""id"":""jv2-t-the-vibe-is-off"",""slot"":""target"",""tier"":1,""rarity"":""basic"",""lane"":""jnsq"",""cost"":1,""type"":""effect"",""phrase"":""the vibe is off."",""tags"":[""absurd"",""chaotic""],""effect"":{""scaleBy"":""jnsq"",""base"":4,""multiplier"":3,""damageType"":""composure""},""flavor"":""Cannot be argued with. Can be felt.""}"
jv2-t-wrong-color,Witch Mountain Bridge,is the wrong color.,jnsq,target,effect,common,1,1,is the wrong color.,"Spell fragment: ""is the wrong color.""","Color being, on inspection, definite.",absurd,jnsq,4,3,composure,,,,,,,,perLaneTag,,"{""id"":""jv2-t-wrong-color"",""slot"":""target"",""tier"":1,""rarity"":""common"",""lane"":""jnsq"",""cost"":1,""type"":""effect"",""phrase"":""is the wrong color."",""tags"":[""absurd""],""effect"":{""scaleBy"":""jnsq"",""base"":4,""multiplier"":3,""damageType"":""composure"",""perLaneTag"":{""tags"":[""absurd"",""chaotic""],""bonus"":2}},""flavor"":""Color being, on inspection, definite.""}"
jv2-t-owes-nothing,Witch Mountain Bridge,owes you nothing.,jnsq,target,effect,common,1,1,owes you nothing.,"Spell fragment: ""owes you nothing.""","Debts being, in this currency, a private matter.",mystical,jnsq,4,3,composure,,,,,,,,perLaneTag,,"{""id"":""jv2-t-owes-nothing"",""slot"":""target"",""tier"":1,""rarity"":""common"",""lane"":""jnsq"",""cost"":1,""type"":""effect"",""phrase"":""owes you nothing."",""tags"":[""mystical""],""effect"":{""scaleBy"":""jnsq"",""base"":4,""multiplier"":3,""damageType"":""composure"",""perLaneTag"":{""tags"":[""mystical"",""conspiratorial""],""bonus"":2}},""flavor"":""Debts being, in this currency, a private matter.""}"
jv2-t-forgotten-name,Witch Mountain Bridge,has forgotten its own name.,jnsq,target,effect,common,1,1,has forgotten its own name.,"Spell fragment: ""has forgotten its own name.""",Names being a function of being seen by the right people.,mystical|absurd,jnsq,7,3,composure,,,1,,,,,,,"{""id"":""jv2-t-forgotten-name"",""slot"":""target"",""tier"":1,""rarity"":""common"",""lane"":""jnsq"",""cost"":1,""type"":""effect"",""phrase"":""has forgotten its own name."",""tags"":[""mystical"",""absurd""],""effect"":{""scaleBy"":""jnsq"",""base"":7,""multiplier"":3,""damageType"":""composure"",""drawAfterCast"":1},""flavor"":""Names being a function of being seen by the right people.""}"
jv2-t-levitating,Witch Mountain Bridge,"is, frankly, levitating.",jnsq,target,effect,common,1,1,"is, frankly, levitating.",Apply vulnerable:1,"Frankly being a word that, here, carries no weight. Like the subject.",theatrical|absurd,jnsq,7,3,composure,,,,,vulnerable:1,,,,,"{""id"":""jv2-t-levitating"",""slot"":""target"",""tier"":1,""rarity"":""common"",""lane"":""jnsq"",""cost"":1,""type"":""effect"",""phrase"":""is, frankly, levitating."",""tags"":[""theatrical"",""absurd""],""effect"":{""scaleBy"":""jnsq"",""base"":7,""multiplier"":3,""damageType"":""composure"",""rider"":{""vulnerable"":1}},""flavor"":""Frankly being a word that, here, carries no weight. Like the subject.""}"
jv2-t-not-from-here,Witch Mountain Bridge,isn't even from around here.,jnsq,target,effect,common,1,1,isn't even from around here.,"Spell fragment: ""isn't even from around here.""","Origin being a question with, in this case, an unsatisfying answer.",mystical,jnsq,8,3,composure,,,,,,,,,,"{""id"":""jv2-t-not-from-here"",""slot"":""target"",""tier"":1,""rarity"":""common"",""lane"":""jnsq"",""cost"":1,""type"":""effect"",""phrase"":""isn't even from around here."",""tags"":[""mystical""],""effect"":{""scaleBy"":""jnsq"",""base"":8,""multiplier"":3,""damageType"":""composure""},""flavor"":""Origin being a question with, in this case, an unsatisfying answer.""}"
jv2-t-read-backwards,Witch Mountain Bridge,is being read backwards by the moon.,jnsq,target,effect,uncommon,2,2,is being read backwards by the moon.,Apply weak:1,"The moon reads. The moon has, increasingly, opinions.",mystical|theatrical,jnsq,7,3,composure,,,,,weak:1,,,,,"{""id"":""jv2-t-read-backwards"",""slot"":""target"",""tier"":2,""rarity"":""uncommon"",""lane"":""jnsq"",""cost"":2,""type"":""effect"",""phrase"":""is being read backwards by the moon."",""tags"":[""mystical"",""theatrical""],""effect"":{""scaleBy"":""jnsq"",""base"":7,""multiplier"":3,""damageType"":""composure"",""rider"":{""weak"":1}},""flavor"":""The moon reads. The moon has, increasingly, opinions.""}"
jv2-t-wrong-legs,Witch Mountain Bridge,has the wrong number of legs for that opinion.,jnsq,target,effect,uncommon,2,2,has the wrong number of legs for that opinion.,"Spell fragment: ""has the wrong number of legs for that opinion.""","Opinions and legs being, in jnsq cosmology, related quantities.",absurd|chaotic,jnsq,8,3,composure,,,,,,,,,,"{""id"":""jv2-t-wrong-legs"",""slot"":""target"",""tier"":2,""rarity"":""uncommon"",""lane"":""jnsq"",""cost"":2,""type"":""effect"",""phrase"":""has the wrong number of legs for that opinion."",""tags"":[""absurd"",""chaotic""],""effect"":{""scaleBy"":""jnsq"",""base"":8,""multiplier"":3,""damageType"":""composure""},""flavor"":""Opinions and legs being, in jnsq cosmology, related quantities.""}"
jv2-t-cat-warned,Witch Mountain Bridge,is what the cat warned us about.,jnsq,target,effect,uncommon,2,2,is what the cat warned us about.,Apply vulnerable:1,The cat has been right before. The cat will be right again.,mystical|conspiratorial,jnsq,8,2,composure,,,,,vulnerable:1,,,,,"{""id"":""jv2-t-cat-warned"",""slot"":""target"",""tier"":2,""rarity"":""uncommon"",""lane"":""jnsq"",""cost"":2,""type"":""effect"",""phrase"":""is what the cat warned us about."",""tags"":[""mystical"",""conspiratorial""],""effect"":{""scaleBy"":""jnsq"",""base"":8,""multiplier"":2,""damageType"":""composure"",""rider"":{""vulnerable"":1}},""flavor"":""The cat has been right before. The cat will be right again.""}"
jv2-t-never-invited,Witch Mountain Bridge,was never properly invited.,jnsq,target,effect,uncommon,2,2,was never properly invited.,"Spell fragment: ""was never properly invited.""",Proper invitations being a niche art.,theatrical,jnsq,9,2,composure,,,,,,,,,,"{""id"":""jv2-t-never-invited"",""slot"":""target"",""tier"":2,""rarity"":""uncommon"",""lane"":""jnsq"",""cost"":2,""type"":""effect"",""phrase"":""was never properly invited."",""tags"":[""theatrical""],""effect"":{""scaleBy"":""jnsq"",""base"":9,""multiplier"":2,""damageType"":""composure""},""flavor"":""Proper invitations being a niche art.""}"
jv2-t-third-tuesday,Witch Mountain Bridge,is exactly what the third Tuesday looks like.,jnsq,target,effect,uncommon,2,2,is exactly what the third Tuesday looks like.,"Spell fragment: ""is exactly what the third Tuesday looks like.""","Tuesdays having visual qualities, once you start looking.",chaotic|absurd,jnsq,4,3,composure,,,,,,,,perLaneTag,,"{""id"":""jv2-t-third-tuesday"",""slot"":""target"",""tier"":2,""rarity"":""uncommon"",""lane"":""jnsq"",""cost"":2,""type"":""effect"",""phrase"":""is exactly what the third Tuesday looks like."",""tags"":[""chaotic"",""absurd""],""effect"":{""scaleBy"":""jnsq"",""base"":4,""multiplier"":3,""damageType"":""composure"",""perLaneTag"":{""tags"":[""chaotic"",""absurd"",""mystical""],""bonus"":3}},""flavor"":""Tuesdays having visual qualities, once you start looking.""}"
jv2-t-become-goose,Witch Mountain Bridge,"has, somehow, become a goose.",jnsq,target,effect,uncommon,2,2,"has, somehow, become a goose.",Apply weak:1,The somehow is the part the enemy is going to dwell on for years.,absurd|theatrical,jnsq,9,2,composure,,,,,weak:1,,,,,"{""id"":""jv2-t-become-goose"",""slot"":""target"",""tier"":2,""rarity"":""uncommon"",""lane"":""jnsq"",""cost"":2,""type"":""effect"",""phrase"":""has, somehow, become a goose."",""tags"":[""absurd"",""theatrical""],""effect"":{""scaleBy"":""jnsq"",""base"":9,""multiplier"":2,""damageType"":""composure"",""rider"":{""weak"":1}},""flavor"":""The somehow is the part the enemy is going to dwell on for years.""}"
jv2-t-problem-for-bees,Witch Mountain Bridge,is now a problem for the bees.,jnsq,target,effect,rare,3,2,is now a problem for the bees.,Apply vulnerable:2,"The bees are, technically, the local authority. Don't argue.",absurd|chaotic|mystical,jnsq,10,3,composure,,,,,vulnerable:2,,,,,"{""id"":""jv2-t-problem-for-bees"",""slot"":""target"",""tier"":3,""rarity"":""rare"",""lane"":""jnsq"",""cost"":2,""type"":""effect"",""phrase"":""is now a problem for the bees."",""tags"":[""absurd"",""chaotic"",""mystical""],""effect"":{""scaleBy"":""jnsq"",""base"":10,""multiplier"":3,""damageType"":""composure"",""rider"":{""vulnerable"":2}},""flavor"":""The bees are, technically, the local authority. Don't argue.""}"
jv2-t-lies-down-refuses,Witch Mountain Bridge,is the part of the sentence that lies down and refuses.,jnsq,target,effect,rare,3,2,is the part of the sentence that lies down and refuses.,"Spell fragment: ""is the part of the sentence that lies down and refuses.""","Sentences have, in jnsq, anatomy. This is the spine.",theatrical|absurd,jnsq,12,3,composure,,,,,,,,tier3Double,,"{""id"":""jv2-t-lies-down-refuses"",""slot"":""target"",""tier"":3,""rarity"":""rare"",""lane"":""jnsq"",""cost"":2,""type"":""effect"",""phrase"":""is the part of the sentence that lies down and refuses."",""tags"":[""theatrical"",""absurd""],""effect"":{""scaleBy"":""jnsq"",""base"":12,""multiplier"":3,""damageType"":""composure"",""tier3Double"":true},""flavor"":""Sentences have, in jnsq, anatomy. This is the spine.""}"
jv2-t-explained-rocks,Witch Mountain Bridge,is being slowly explained to the rocks.,jnsq,target,effect,rare,3,2,is being slowly explained to the rocks.,"Spell fragment: ""is being slowly explained to the rocks.""","The rocks are listening. The rocks have, frankly, been listening for years.",mystical|theatrical|conspiratorial,jnsq,11,3,composure,,,,,,,,,,"{""id"":""jv2-t-explained-rocks"",""slot"":""target"",""tier"":3,""rarity"":""rare"",""lane"":""jnsq"",""cost"":2,""type"":""effect"",""phrase"":""is being slowly explained to the rocks."",""tags"":[""mystical"",""theatrical"",""conspiratorial""],""effect"":{""scaleBy"":""jnsq"",""base"":11,""multiplier"":3,""damageType"":""composure""},""flavor"":""The rocks are listening. The rocks have, frankly, been listening for years.""}"
jv2-t-religion-france,Witch Mountain Bridge,"has, in the way these things do, become a small religion in southern France.",jnsq,target,effect,rare,3,3,"has, in the way these things do, become a small religion in southern France.","Spell fragment: ""has, in the way these things do, become a small religion in southern France.""","Southern France being, as everyone now knows, susceptible.",absurd|chaotic|mystical,jnsq,14,3,composure,,,,,,,,requiresTier3,,"{""id"":""jv2-t-religion-france"",""slot"":""target"",""tier"":3,""rarity"":""rare"",""lane"":""jnsq"",""cost"":3,""type"":""effect"",""phrase"":""has, in the way these things do, become a small religion in southern France."",""tags"":[""absurd"",""chaotic"",""mystical""],""effect"":{""scaleBy"":""jnsq"",""base"":14,""multiplier"":3,""damageType"":""composure"",""requiresTier3"":{""failureDamageMult"":0.5,""exhaustOnFail"":true}},""flavor"":""Southern France being, as everyone now knows, susceptible.""}"
jv2-t-go-interesting,Witch Mountain Bridge,is going to go interesting.,jnsq,target,effect,uncommon,2,2,is going to go interesting.,Cast: 6 + Jnsq comp. Always rolls. Roll multiplier 1.5× stronger.,Interesting being a word doing a lot of work today.,mystical|chaotic,jnsq,6,3,composure,,,,,,,,alwaysRolls|rollDamageScale,,"{""id"":""jv2-t-go-interesting"",""slot"":""target"",""tier"":2,""rarity"":""uncommon"",""lane"":""jnsq"",""cost"":2,""type"":""effect"",""phrase"":""is going to go interesting."",""tags"":[""mystical"",""chaotic""],""effect"":{""scaleBy"":""jnsq"",""base"":6,""multiplier"":3,""damageType"":""composure"",""alwaysRolls"":true,""rollDamageScale"":1.5},""desc"":""Cast: 6 + Jnsq comp. Always rolls. Roll multiplier 1.5× stronger."",""flavor"":""Interesting being a word doing a lot of work today.""}"
jv2-t-cosmic-recoil,Witch Mountain Bridge,is the cosmic recoil.,jnsq,target,effect,rare,3,2,is the cosmic recoil.,REQUIRES a prior 6 rolled this combat. 22 + Jnsq comp.,The cosmos owes you. The cosmos has receipts. The cosmos pays.,mystical|theatrical|absurd,jnsq,22,3,composure,,,,,,,,requiresPriorRoll,,"{""id"":""jv2-t-cosmic-recoil"",""slot"":""target"",""tier"":3,""rarity"":""rare"",""lane"":""jnsq"",""cost"":2,""type"":""effect"",""phrase"":""is the cosmic recoil."",""tags"":[""mystical"",""theatrical"",""absurd""],""effect"":{""scaleBy"":""jnsq"",""base"":22,""multiplier"":3,""damageType"":""composure"",""requiresPriorRoll"":6},""desc"":""REQUIRES a prior 6 rolled this combat. 22 + Jnsq comp."",""flavor"":""The cosmos owes you. The cosmos has receipts. The cosmos pays.""}"
jv2-m-cosmic-sense,Witch Mountain Bridge,"In a cosmic sense,",jnsq,modifier,modifier,common,1,0,"In a cosmic sense,",+1 jnsq,"Cosmic being a measurement of seriousness, not size.",mystical,,,,,1,,,,,,,addsTag,pre,"{""id"":""jv2-m-cosmic-sense"",""slot"":""modifier"",""tier"":1,""rarity"":""common"",""lane"":""jnsq"",""cost"":0,""type"":""modifier"",""modifierKind"":""pre"",""phrase"":""In a cosmic sense,"",""tags"":[""mystical""],""stats"":{""jnsq"":1},""modifierEffect"":{""addsTag"":""mystical""},""flavor"":""Cosmic being a measurement of seriousness, not size.""}"
jv2-m-allegedly,Witch Mountain Bridge,"— allegedly,",jnsq,modifier,modifier,common,1,1,"— allegedly,",Apply weak:1,Allegedly being a verb in disguise.,conspiratorial,,,,,,,,,weak:1,,,addsTag,post,"{""id"":""jv2-m-allegedly"",""slot"":""modifier"",""tier"":1,""rarity"":""common"",""lane"":""jnsq"",""cost"":1,""type"":""modifier"",""modifierKind"":""post"",""phrase"":""— allegedly,"",""tags"":[""conspiratorial""],""modifierEffect"":{""addsTag"":""conspiratorial"",""rider"":{""weak"":1}},""flavor"":""Allegedly being a verb in disguise.""}"
jv2-m-weirdly-enough,Witch Mountain Bridge,"Weirdly enough,",jnsq,modifier,modifier,common,1,1,"Weirdly enough,","Spell fragment: ""Weirdly enough,""","Weirdness being, in jnsq, the price of admission.",chaotic,,,,,,,,,,,,addsTag|drawAfterCast,pre,"{""id"":""jv2-m-weirdly-enough"",""slot"":""modifier"",""tier"":1,""rarity"":""common"",""lane"":""jnsq"",""cost"":1,""type"":""modifier"",""modifierKind"":""pre"",""phrase"":""Weirdly enough,"",""tags"":[""chaotic""],""modifierEffect"":{""addsTag"":""chaotic"",""drawAfterCast"":1},""flavor"":""Weirdness being, in jnsq, the price of admission.""}"
jv2-m-didnt-hear-from-me,Witch Mountain Bridge,— you didn't hear it from me.,jnsq,modifier,modifier,common,1,1,— you didn't hear it from me.,"Spell fragment: ""— you didn't hear it from me.""","The disavowal is, here, the most honest part of the speech.",conspiratorial,,,,,,,,,,,,addsTag|conditionalMult,post,"{""id"":""jv2-m-didnt-hear-from-me"",""slot"":""modifier"",""tier"":1,""rarity"":""common"",""lane"":""jnsq"",""cost"":1,""type"":""modifier"",""modifierKind"":""post"",""phrase"":""— you didn't hear it from me."",""tags"":[""conspiratorial""],""modifierEffect"":{""addsTag"":""conspiratorial"",""conditionalMult"":{""tier2Plus"":1.5}},""flavor"":""The disavowal is, here, the most honest part of the speech.""}"
jv2-m-whispers-lamp,Witch Mountain Bridge,"(whispers to the lamp,)",jnsq,modifier,modifier,uncommon,2,1,"(whispers to the lamp,)",Apply vulnerable:1,"The lamp has, on several occasions, given useful counsel.",theatrical|mystical,,,,,,,,,vulnerable:1,,,addsTag,replaces-intro,"{""id"":""jv2-m-whispers-lamp"",""slot"":""modifier"",""tier"":2,""rarity"":""uncommon"",""lane"":""jnsq"",""cost"":1,""type"":""modifier"",""modifierKind"":""replaces-intro"",""phrase"":""(whispers to the lamp,)"",""tags"":[""theatrical"",""mystical""],""modifierEffect"":{""addsTag"":""theatrical"",""rider"":{""vulnerable"":1}},""flavor"":""The lamp has, on several occasions, given useful counsel.""}"
jv2-m-bees-agree,Witch Mountain Bridge,"— the bees agree,",jnsq,modifier,modifier,uncommon,2,2,"— the bees agree,","Spell fragment: ""— the bees agree,""",The bees vote. The bees have always voted.,absurd|mystical,,,,,,,,,,,,addsTag|damageMult,post,"{""id"":""jv2-m-bees-agree"",""slot"":""modifier"",""tier"":2,""rarity"":""uncommon"",""lane"":""jnsq"",""cost"":2,""type"":""modifier"",""modifierKind"":""post"",""phrase"":""— the bees agree,"",""tags"":[""absurd"",""mystical""],""modifierEffect"":{""addsTag"":""mystical"",""damageMult"":1.5},""flavor"":""The bees vote. The bees have always voted.""}"
jv2-m-unwraps-object,Witch Mountain Bridge,"(unwraps a small object,)",jnsq,modifier,modifier,uncommon,2,2,"(unwraps a small object,)",Apply vulnerable:1,The object was always there. You just didn't see it. Few do.,theatrical|chaotic,,,,,,,,,vulnerable:1,,,addsTag|stripEnemyBlock,pre,"{""id"":""jv2-m-unwraps-object"",""slot"":""modifier"",""tier"":2,""rarity"":""uncommon"",""lane"":""jnsq"",""cost"":2,""type"":""modifier"",""modifierKind"":""pre"",""phrase"":""(unwraps a small object,)"",""tags"":[""theatrical"",""chaotic""],""modifierEffect"":{""addsTag"":""theatrical"",""stripEnemyBlock"":2,""rider"":{""vulnerable"":1}},""flavor"":""The object was always there. You just didn't see it. Few do.""}"
jv2-m-also-moon,Witch Mountain Bridge,"— also, the moon,",jnsq,modifier,modifier,uncommon,2,2,"— also, the moon,","Spell fragment: ""— also, the moon,""","The moon being, in jnsq combat, a multiplier.",mystical,,,,,,,,,,,,perLaneTag,post,"{""id"":""jv2-m-also-moon"",""slot"":""modifier"",""tier"":2,""rarity"":""uncommon"",""lane"":""jnsq"",""cost"":2,""type"":""modifier"",""modifierKind"":""post"",""phrase"":""— also, the moon,"",""tags"":[""mystical""],""modifierEffect"":{""perLaneTag"":{""tags"":[""mystical""],""bonus"":2}},""flavor"":""The moon being, in jnsq combat, a multiplier.""}"
jv2-m-lentils-clear,Witch Mountain Bridge,"— as the lentils made clear,",jnsq,modifier,modifier,rare,3,2,"— as the lentils made clear,",Apply weak:2,"The lentils are, on this question, unanimous.",conspiratorial|absurd,,,,,,,,,weak:2,,,tier3Payoff,post,"{""id"":""jv2-m-lentils-clear"",""slot"":""modifier"",""tier"":3,""rarity"":""rare"",""lane"":""jnsq"",""cost"":2,""type"":""modifier"",""modifierKind"":""post"",""phrase"":""— as the lentils made clear,"",""tags"":[""conspiratorial"",""absurd""],""modifierEffect"":{""tier3Payoff"":{""damageMult"":2,""rider"":{""weak"":2}}},""flavor"":""The lentils are, on this question, unanimous.""}"
jv2-m-becomes-stork,Witch Mountain Bridge,"(briefly, becomes a stork,)",jnsq,modifier,modifier,rare,3,2,"(briefly, becomes a stork,)",Apply vulnerable:2,"The stork is brief. The implication, lasting.",theatrical|absurd|mystical,,,,,,,,,vulnerable:2,,,addsTag|damageMult,pre,"{""id"":""jv2-m-becomes-stork"",""slot"":""modifier"",""tier"":3,""rarity"":""rare"",""lane"":""jnsq"",""cost"":2,""type"":""modifier"",""modifierKind"":""pre"",""phrase"":""(briefly, becomes a stork,)"",""tags"":[""theatrical"",""absurd"",""mystical""],""modifierEffect"":{""addsTag"":""theatrical"",""damageMult"":2,""rider"":{""vulnerable"":2}},""flavor"":""The stork is brief. The implication, lasting.""}"
jv2-m-behind-lamp,Witch Mountain Bridge,"(hides briefly behind a lamp,)",jnsq,modifier,modifier,common,1,1,"(hides briefly behind a lamp,)",Apply block:4,"The lamp is, in this matter, complicit.",theatrical|absurd,,,,,,,,,block:4,,,addsTag,pre,"{""id"":""jv2-m-behind-lamp"",""slot"":""modifier"",""tier"":1,""rarity"":""common"",""lane"":""jnsq"",""cost"":1,""type"":""modifier"",""modifierKind"":""pre"",""phrase"":""(hides briefly behind a lamp,)"",""tags"":[""theatrical"",""absurd""],""modifierEffect"":{""addsTag"":""theatrical"",""rider"":{""block"":4}},""flavor"":""The lamp is, in this matter, complicit.""}"
jv2-m-say-again,Witch Mountain Bridge,"— as the moon would have me say again,",jnsq,modifier,modifier,rare,3,2,"— as the moon would have me say again,","Spell fragment: ""— as the moon would have me say again,""","The moon is, frankly, on a roll.",mystical|theatrical,,,,,,,,,,,,damageMult,post,"{""id"":""jv2-m-say-again"",""slot"":""modifier"",""tier"":3,""rarity"":""rare"",""lane"":""jnsq"",""cost"":2,""type"":""modifier"",""modifierKind"":""post"",""phrase"":""— as the moon would have me say again,"",""tags"":[""mystical"",""theatrical""],""modifierEffect"":{""damageMult"":2},""flavor"":""The moon is, frankly, on a roll.""}"
jv2-m-universe-rolls,Witch Mountain Bridge,"— and the universe rolls a die,",jnsq,modifier,modifier,common,1,0,"— and the universe rolls a die,","Forces a chaos roll on this cast, no opt-in required.",The universe needs an opinion. The universe has one.,chaotic|mystical,,,,,1,,,,,,,forceRoll,post,"{""id"":""jv2-m-universe-rolls"",""slot"":""modifier"",""tier"":1,""rarity"":""common"",""lane"":""jnsq"",""cost"":0,""type"":""modifier"",""modifierKind"":""post"",""phrase"":""— and the universe rolls a die,"",""tags"":[""chaotic"",""mystical""],""stats"":{""jnsq"":1},""modifierEffect"":{""forceRoll"":true},""desc"":""Forces a chaos roll on this cast, no opt-in required."",""flavor"":""The universe needs an opinion. The universe has one.""}"
jv2-m-loaded-dice,Witch Mountain Bridge,"— with loaded dice,",jnsq,modifier,modifier,uncommon,2,0,"— with loaded dice,",Your chaos roll on this cast is +1 (caps at 6).,"Loaded in your favor, technically. Loaded all the same.",conspiratorial|absurd,,,,,1,,,,,,,diceShift,post,"{""id"":""jv2-m-loaded-dice"",""slot"":""modifier"",""tier"":2,""rarity"":""uncommon"",""lane"":""jnsq"",""cost"":0,""type"":""modifier"",""modifierKind"":""post"",""phrase"":""— with loaded dice,"",""tags"":[""conspiratorial"",""absurd""],""stats"":{""jnsq"":1},""modifierEffect"":{""diceShift"":1},""desc"":""Your chaos roll on this cast is +1 (caps at 6)."",""flavor"":""Loaded in your favor, technically. Loaded all the same.""}"
jv2-g-three-snaps,Witch Mountain Bridge,"(snaps three times,)",jnsq,gesture,gesture,common,1,1,"(snaps three times,)","Spell fragment: ""(snaps three times,)""",Three. Always three. The reasons are sacred and absurd.,theatrical|mystical,,,,,,,,,,,,gestureEffect,,"{""id"":""jv2-g-three-snaps"",""slot"":""gesture"",""tier"":1,""rarity"":""common"",""lane"":""jnsq"",""cost"":1,""type"":""gesture"",""phrase"":""(snaps three times,)"",""tags"":[""theatrical"",""mystical""],""gestureEffect"":{""icon"":""✨"",""damage"":4,""damageType"":""composure"",""trayMultiplier"":1,""draw"":1,""exhaust"":true},""flavor"":""Three. Always three. The reasons are sacred and absurd.""}"
jv2-g-pontificate,Witch Mountain Bridge,"Now imagine, hypothetically, but stay with me —",jnsq,gesture,gesture,uncommon,2,3,"Now imagine, hypothetically, but stay with me —","Spell fragment: ""Now imagine, hypothetically, but stay with me —""","The hypothetical lasts thirteen minutes. The body, somewhat longer.",mystical|conspiratorial,,,,,,,,,,,,gestureEffect,,"{""id"":""jv2-g-pontificate"",""slot"":""gesture"",""tier"":2,""rarity"":""uncommon"",""lane"":""jnsq"",""cost"":3,""type"":""gesture"",""phrase"":""Now imagine, hypothetically, but stay with me —"",""tags"":[""mystical"",""conspiratorial""],""gestureEffect"":{""icon"":""🌀"",""damage"":10,""damageType"":""composure"",""trayMultiplier"":2,""draw"":2,""exhaust"":false},""flavor"":""The hypothetical lasts thirteen minutes. The body, somewhat longer.""}"
jv2-g-quip-koan,Witch Mountain Bridge,"(quip-koan: ""is a stork a borrowed neck?"")",jnsq,gesture,gesture,common,1,1,"(quip-koan: ""is a stork a borrowed neck?"")","Spell fragment: ""(quip-koan: ""is a stork a borrowed neck?"")""",The koan is bad. The vulnerability of being asked it is real.,absurd|mystical,,,,,,,,,,,,gestureEffect,,"{""id"":""jv2-g-quip-koan"",""slot"":""gesture"",""tier"":1,""rarity"":""common"",""lane"":""jnsq"",""cost"":1,""type"":""gesture"",""phrase"":""(quip-koan: \""is a stork a borrowed neck?\"")"",""tags"":[""absurd"",""mystical""],""gestureEffect"":{""icon"":""🦢"",""damage"":4,""damageType"":""composure"",""rider"":{""vulnerable"":2},""exhaust"":false},""flavor"":""The koan is bad. The vulnerability of being asked it is real.""}"
jv2-t-too-many-things,Witch Mountain Bridge,has become too many things at once.,jnsq,target,effect,uncommon,2,2,has become too many things at once.,"Spell fragment: ""has become too many things at once.""","It is, simultaneously, six things. Most of which are weather.",absurd|chaotic|mystical,jnsq,4,2,composure,,,,,,,,perDeckCard,,"{""id"":""jv2-t-too-many-things"",""slot"":""target"",""tier"":2,""rarity"":""uncommon"",""lane"":""jnsq"",""cost"":2,""type"":""effect"",""phrase"":""has become too many things at once."",""tags"":[""absurd"",""chaotic"",""mystical""],""effect"":{""scaleBy"":""jnsq"",""base"":4,""multiplier"":2,""damageType"":""composure"",""perDeckCard"":0.5},""flavor"":""It is, simultaneously, six things. Most of which are weather.""}"
jv2-k-that-reminds-me,Witch Mountain Bridge,"That reminds me,",jnsq,,skill,common,1,0,"That reminds me,",Discard 1 random from draw pile. Fire a random jnsq card from your discard this turn. Exhaust.,"Reminded by something that, in retrospect, was not very similar at all.",absurd|chaotic,,,,,,,,,,,,,,"{""id"":""jv2-k-that-reminds-me"",""slot"":null,""tier"":1,""rarity"":""common"",""lane"":""jnsq"",""cost"":0,""type"":""skill"",""name"":""That reminds me,"",""phrase"":""That reminds me,"",""tags"":[""absurd"",""chaotic""],""effects"":{""tangentFire"":true,""exhaust"":true},""desc"":""Discard 1 random from draw pile. Fire a random jnsq card from your discard this turn. Exhaust."",""flavor"":""Reminded by something that, in retrospect, was not very similar at all.""}"
jv2-m-speaking-of-which,Witch Mountain Bridge,"speaking of which,",jnsq,modifier,modifier,common,1,0,"speaking of which,",Stages as a modifier; also discards 1 random card from hand to deepen the Tangent pool.,"Speaking, in this context, having recently spoken of nothing in particular.",chaotic|mystical,,,,,1,,,,,,,addsTag,pre,"{""id"":""jv2-m-speaking-of-which"",""slot"":""modifier"",""tier"":1,""rarity"":""common"",""lane"":""jnsq"",""cost"":0,""type"":""modifier"",""modifierKind"":""pre"",""phrase"":""speaking of which,"",""tags"":[""chaotic"",""mystical""],""stats"":{""jnsq"":1},""modifierEffect"":{""addsTag"":""chaotic""},""effects"":{""discardOnPlay"":true},""desc"":""Stages as a modifier; also discards 1 random card from hand to deepen the Tangent pool."",""flavor"":""Speaking, in this context, having recently spoken of nothing in particular.""}"
jv2-k-shouldnt-said-have-you-eaten,Witch Mountain Bridge,I shouldn't have said that — have you eaten?,jnsq,,skill,common,1,1,I shouldn't have said that — have you eaten?,Discard your spell tray (no refund). Heal 4 HP. Apply +1 Vulnerable to enemy.,"Apology, in jnsq, being a verb with reset properties.",chaotic|absurd,,,,,,,,,vulnerable:1,,,,,"{""id"":""jv2-k-shouldnt-said-have-you-eaten"",""slot"":null,""tier"":1,""rarity"":""common"",""lane"":""jnsq"",""cost"":1,""type"":""skill"",""name"":""I shouldn't have said that — have you eaten?"",""phrase"":""I shouldn't have said that — have you eaten?"",""tags"":[""chaotic"",""absurd""],""effects"":{""apologize"":true,""hp"":4,""vulnerable"":1},""desc"":""Discard your spell tray (no refund). Heal 4 HP. Apply +1 Vulnerable to enemy."",""flavor"":""Apology, in jnsq, being a verb with reset properties.""}"
jv2-i-oh-wait-no-sorry,Witch Mountain Bridge,"oh — wait — no, sorry,",jnsq,intro,word,common,1,0,"oh — wait — no, sorry,",Stages as intro. Absorbs the next enemy debuff (Weak or Vulnerable).,"Sorry, restarting.",chaotic|mystical,,,,,2,,,,,,,,,"{""id"":""jv2-i-oh-wait-no-sorry"",""slot"":""intro"",""tier"":1,""rarity"":""common"",""lane"":""jnsq"",""cost"":0,""type"":""word"",""phrase"":""oh — wait — no, sorry,"",""tags"":[""chaotic"",""mystical""],""stats"":{""jnsq"":2},""effects"":{""ignoreNextDebuff"":1},""desc"":""Stages as intro. Absorbs the next enemy debuff (Weak or Vulnerable)."",""flavor"":""Sorry, restarting.""}"
jv2-t-soup-was-never-the-point,Witch Mountain Bridge,"the soup, you see, was never the point.",jnsq,target,effect,uncommon,2,2,"the soup, you see, was never the point.",Cast: 11 + Jnsq comp ×4. After cast: you MUST play another jnsq card this turn or take 3 HP at end of turn.,"A statement that, if interrupted now, will haunt the room for hours.",absurd|chaotic|mystical,jnsq,11,4,composure,,,,,,,,mustPlayAnotherJnsq,,"{""id"":""jv2-t-soup-was-never-the-point"",""slot"":""target"",""tier"":2,""rarity"":""uncommon"",""lane"":""jnsq"",""cost"":2,""type"":""effect"",""phrase"":""the soup, you see, was never the point."",""tags"":[""absurd"",""chaotic"",""mystical""],""effect"":{""scaleBy"":""jnsq"",""base"":11,""multiplier"":4,""damageType"":""composure"",""mustPlayAnotherJnsq"":true},""desc"":""Cast: 11 + Jnsq comp ×4. After cast: you MUST play another jnsq card this turn or take 3 HP at end of turn."",""flavor"":""A statement that, if interrupted now, will haunt the room for hours.""}"
jv2-p-hold-my-drink,Witch Mountain Bridge,"""Hold my drink,""",jnsq,power,power,uncommon,2,1,"""Hold my drink,""","Power. While installed: all your Effect/Spell casts deal +50% damage AND you take +2 damage from every enemy attack (raw, before block).","No one is, technically, holding the drink. The drink is in your hand. This is the trick.",chaotic|absurd,,,,,,,,,,,,installPower,,"{""id"":""jv2-p-hold-my-drink"",""slot"":""power"",""tier"":2,""rarity"":""uncommon"",""lane"":""jnsq"",""cost"":1,""type"":""power"",""name"":""\""Hold my drink,\"""",""phrase"":""\""Hold my drink,\"""",""tags"":[""chaotic"",""absurd""],""installPower"":{""id"":""drunken-confidence""},""desc"":""Power. While installed: all your Effect/Spell casts deal +50% damage AND you take +2 damage from every enemy attack (raw, before block)."",""flavor"":""No one is, technically, holding the drink. The drink is in your hand. This is the trick.""}"
jv2-k-sober-second-thought,Witch Mountain Bridge,"""sober second thought,""",jnsq,,skill,common,1,0,"""sober second thought,""","Discard the ""Hold my drink,"" power from the field. No effect if not installed.","A thought that, on review, does not at all resemble the first.",hedge|absurd,,,,,,,,,,,,,,"{""id"":""jv2-k-sober-second-thought"",""slot"":null,""tier"":1,""rarity"":""common"",""lane"":""jnsq"",""cost"":0,""type"":""skill"",""name"":""\""sober second thought,\"""",""phrase"":""\""sober second thought,\"""",""tags"":[""hedge"",""absurd""],""effects"":{""uninstallPower"":""drunken-confidence""},""desc"":""Discard the \""Hold my drink,\"" power from the field. No effect if not installed."",""flavor"":""A thought that, on review, does not at all resemble the first.""}"
jv2-k-go-on-im-listening,Witch Mountain Bridge,"""...go on, I'm listening.""",jnsq,,skill,common,1,0,"""...go on, I'm listening.""",Skip casting this turn. Your tray persists. NEXT cast doubles every staged card's jnsq stat contribution.,Said in a tone that means the precise opposite. The room understands.,chaotic|hedge,,,,,,,,,,,,,,"{""id"":""jv2-k-go-on-im-listening"",""slot"":null,""tier"":1,""rarity"":""common"",""lane"":""jnsq"",""cost"":0,""type"":""skill"",""name"":""\""...go on, I'm listening.\"""",""phrase"":""\""...go on, I'm listening.\"""",""tags"":[""chaotic"",""hedge""],""effects"":{""awkwardPause"":true},""desc"":""Skip casting this turn. Your tray persists. NEXT cast doubles every staged card's jnsq stat contribution."",""flavor"":""Said in a tone that means the precise opposite. The room understands.""}"
jv2-p-wait-and-another-thing,Witch Mountain Bridge,"Wait — and another thing,",jnsq,power,power,uncommon,2,1,"Wait — and another thing,",Power. While installed: your 2nd cast each turn deals 85% damage (instead of 60%). The drunken wizard chains harder than the cap suggests.,Said with the energy of someone who has not yet stopped speaking.,chaotic|theatrical,,,,,,,,,,,,installPower,,"{""id"":""jv2-p-wait-and-another-thing"",""slot"":""power"",""tier"":2,""rarity"":""uncommon"",""lane"":""jnsq"",""cost"":1,""type"":""power"",""name"":""Wait — and another thing,"",""phrase"":""Wait — and another thing,"",""tags"":[""chaotic"",""theatrical""],""installPower"":{""id"":""babbling""},""desc"":""Power. While installed: your 2nd cast each turn deals 85% damage (instead of 60%). The drunken wizard chains harder than the cap suggests."",""flavor"":""Said with the energy of someone who has not yet stopped speaking.""}"
jv2-m-and-so-and-so,Witch Mountain Bridge,"and so, and so, and so,",jnsq,modifier,modifier,common,1,0,"and so, and so, and so,",Stages as a modifier. Just a basic stat-pump card for filling a 2nd tray.,"A modifier that, like the speaker, refuses to conclude.",chaotic|mystical,,,,,1,,,,,,,addsTag,pre,"{""id"":""jv2-m-and-so-and-so"",""slot"":""modifier"",""tier"":1,""rarity"":""common"",""lane"":""jnsq"",""cost"":0,""type"":""modifier"",""modifierKind"":""pre"",""phrase"":""and so, and so, and so,"",""tags"":[""chaotic"",""mystical""],""stats"":{""jnsq"":1},""modifierEffect"":{""addsTag"":""chaotic""},""desc"":""Stages as a modifier. Just a basic stat-pump card for filling a 2nd tray."",""flavor"":""A modifier that, like the speaker, refuses to conclude.""}"
jv2-i-and-then-get-this,Witch Mountain Bridge,and then — get this —,jnsq,intro,word,common,1,0,and then — get this —,Stages as intro. Discards 1 random hand card to deepen the Tangent pool.,"A bridge between two sentences that, structurally, share nothing.",chaotic|absurd,,,,,2,,,,,,,,,"{""id"":""jv2-i-and-then-get-this"",""slot"":""intro"",""tier"":1,""rarity"":""common"",""lane"":""jnsq"",""cost"":0,""type"":""word"",""phrase"":""and then — get this —"",""tags"":[""chaotic"",""absurd""],""stats"":{""jnsq"":2},""effects"":{""discardOnPlay"":true},""desc"":""Stages as intro. Discards 1 random hand card to deepen the Tangent pool."",""flavor"":""A bridge between two sentences that, structurally, share nothing.""}"
jv2-s-appropriate-apologies,Witch Mountain Bridge,"with appropriate apologies to no one in particular,",jnsq,subject,word,uncommon,2,1,"with appropriate apologies to no one in particular,",Stages as subject. Heal 1 HP and apply +1 Vulnerable to the enemy.,No one in particular being the only audience that consistently shows up.,absurd|hedge,,,,,3,,,,vulnerable:1,,,,,"{""id"":""jv2-s-appropriate-apologies"",""slot"":""subject"",""tier"":2,""rarity"":""uncommon"",""lane"":""jnsq"",""cost"":1,""type"":""word"",""phrase"":""with appropriate apologies to no one in particular,"",""tags"":[""absurd"",""hedge""],""stats"":{""jnsq"":3},""effects"":{""hp"":1,""vulnerable"":1},""desc"":""Stages as subject. Heal 1 HP and apply +1 Vulnerable to the enemy."",""flavor"":""No one in particular being the only audience that consistently shows up.""}"
jv2-t-getting-away-from-me,Witch Mountain Bridge,"is, even by my own standards, getting away from me.",jnsq,target,effect,rare,3,2,"is, even by my own standards, getting away from me.","Cast: 9 + Jnsq comp ×4. Must follow with another jnsq card or take 3 HP. If cast as the 2nd cast of a Babbling turn, damage doubles BEFORE the 0.6× scalar.",A standard you set in jnsq for the benefit of those keeping records.,chaotic|absurd|mystical,jnsq,9,4,composure,,,,,,,,doubleOnSecondCast|mustPlayAnotherJnsq,,"{""id"":""jv2-t-getting-away-from-me"",""slot"":""target"",""tier"":3,""rarity"":""rare"",""lane"":""jnsq"",""cost"":2,""type"":""effect"",""phrase"":""is, even by my own standards, getting away from me."",""tags"":[""chaotic"",""absurd"",""mystical""],""effect"":{""scaleBy"":""jnsq"",""base"":9,""multiplier"":4,""damageType"":""composure"",""mustPlayAnotherJnsq"":true,""doubleOnSecondCast"":true},""desc"":""Cast: 9 + Jnsq comp ×4. Must follow with another jnsq card or take 3 HP. If cast as the 2nd cast of a Babbling turn, damage doubles BEFORE the 0.6× scalar."",""flavor"":""A standard you set in jnsq for the benefit of those keeping records.""}"
jv2-t-universe-sideways,Witch Mountain Bridge,and then the entire universe — and I mean THIS universe — went sideways.,jnsq,target,effect,rare,3,2,and then the entire universe — and I mean THIS universe — went sideways.,Cast: 9 + Jnsq comp ×3. On cast: TANGENT fires (random jnsq from discard). +3 dmg per chaotic/absurd/mystical tag on staged cards. Must follow with another jnsq card or take 3 HP.,THIS universe being one of approximately several.,chaotic|absurd|mystical,jnsq,9,3,composure,,,,,,,,mustPlayAnotherJnsq|perTagBonus|tangentOnCast,,"{""id"":""jv2-t-universe-sideways"",""slot"":""target"",""tier"":3,""rarity"":""rare"",""lane"":""jnsq"",""cost"":2,""type"":""effect"",""phrase"":""and then the entire universe — and I mean THIS universe — went sideways."",""tags"":[""chaotic"",""absurd"",""mystical""],""effect"":{""scaleBy"":""jnsq"",""base"":9,""multiplier"":3,""damageType"":""composure"",""tangentOnCast"":true,""mustPlayAnotherJnsq"":true,""perTagBonus"":{""tags"":[""chaotic"",""absurd"",""mystical""],""bonus"":3}},""desc"":""Cast: 9 + Jnsq comp ×3. On cast: TANGENT fires (random jnsq from discard). +3 dmg per chaotic/absurd/mystical tag on staged cards. Must follow with another jnsq card or take 3 HP."",""flavor"":""THIS universe being one of approximately several.""}"
jv2-i-three-things-sorry,Witch Mountain Bridge,"oh — actually, three things, sorry,",jnsq,intro,word,uncommon,2,1,"oh — actually, three things, sorry,",Stages as intro. Draw 2 cards.,"The three things, by the time they're enumerated, will be approximately five.",chaotic|absurd|hedge,,,,,2,,2,,,,,,,"{""id"":""jv2-i-three-things-sorry"",""slot"":""intro"",""tier"":2,""rarity"":""uncommon"",""lane"":""jnsq"",""cost"":1,""type"":""word"",""phrase"":""oh — actually, three things, sorry,"",""tags"":[""chaotic"",""absurd"",""hedge""],""stats"":{""jnsq"":2},""effects"":{""draw"":2},""desc"":""Stages as intro. Draw 2 cards."",""flavor"":""The three things, by the time they're enumerated, will be approximately five.""}"
jv2-k-sorry-lost-balance,Witch Mountain Bridge,"sorry, I lost my balance for a second,",jnsq,,skill,uncommon,2,1,"sorry, I lost my balance for a second,",Skill. This turn: every enemy attack swing has a 50% chance to fully miss.,"Balance, in jnsq, being a state one passes through occasionally.",chaotic|absurd,,,,,,,,,,,,,,"{""id"":""jv2-k-sorry-lost-balance"",""slot"":null,""tier"":2,""rarity"":""uncommon"",""lane"":""jnsq"",""cost"":1,""type"":""skill"",""name"":""sorry, I lost my balance for a second,"",""phrase"":""sorry, I lost my balance for a second,"",""tags"":[""chaotic"",""absurd""],""effects"":{""staggerOn"":true},""desc"":""Skill. This turn: every enemy attack swing has a 50% chance to fully miss."",""flavor"":""Balance, in jnsq, being a state one passes through occasionally.""}"
jv2-m-dimmest-possible-terms,Witch Mountain Bridge,"in the dimmest possible terms,",jnsq,modifier,modifier,common,1,0,"in the dimmest possible terms,",Stages as a modifier. Heal 2 HP on play.,"Dimness being, here, a defensive posture.",hedge|absurd,,,,,1,,,,,,,,pre,"{""id"":""jv2-m-dimmest-possible-terms"",""slot"":""modifier"",""tier"":1,""rarity"":""common"",""lane"":""jnsq"",""cost"":0,""type"":""modifier"",""modifierKind"":""pre"",""phrase"":""in the dimmest possible terms,"",""tags"":[""hedge"",""absurd""],""stats"":{""jnsq"":1},""effects"":{""hp"":2},""desc"":""Stages as a modifier. Heal 2 HP on play."",""flavor"":""Dimness being, here, a defensive posture.""}"
jv2-k-rhubarb,Witch Mountain Bridge,"Rhubarb, Rhubarb",jnsq,skill,skill,basic,1,0,"Rhubarb, Rhubarb",Draw 2 cards. Lose 1 HP. Exhaust.,A word that sounds like other people speaking.,absurd|chaotic,,,,,,,2,1,,,,,,"{""id"":""jv2-k-rhubarb"",""slot"":""skill"",""tier"":1,""rarity"":""basic"",""lane"":""jnsq"",""cost"":0,""type"":""skill"",""name"":""Rhubarb, Rhubarb"",""phrase"":""Rhubarb, Rhubarb"",""tags"":[""absurd"",""chaotic""],""effects"":{""draw"":2,""loseHp"":1,""exhaust"":true},""desc"":""Draw 2 cards. Lose 1 HP. Exhaust."",""flavor"":""A word that sounds like other people speaking.""}"
jv2-g-stagger,Witch Mountain Bridge,Stagger,jnsq,gesture,gesture,basic,1,1,"(staggers, in a way that is mostly intentional,)","Spell fragment: ""(staggers, in a way that is mostly intentional,)""",Either it is a spell or it isn't. The audience cannot tell.,chaotic|theatrical,,,,,,,,,,,,gestureEffect,,"{""id"":""jv2-g-stagger"",""slot"":""gesture"",""tier"":1,""rarity"":""basic"",""lane"":""jnsq"",""cost"":1,""type"":""gesture"",""name"":""Stagger"",""phrase"":""(staggers, in a way that is mostly intentional,)"",""tags"":[""chaotic"",""theatrical""],""gestureEffect"":{""icon"":""🌀"",""damage"":4,""damageType"":""composure"",""exhaust"":true},""flavor"":""Either it is a spell or it isn't. The audience cannot tell.""}"
